ext_id,hero_name,set,mechanic,status,wp,decision,handler,designs
2099/doctor-doom-2099,Doctor Doom 2099,2099,cyber-mod,unsupported,,,,doomblast|tear-through-time-itself
2099/doctor-doom-2099,Doctor Doom 2099,2099,fated-future,unsupported,,,,tear-through-time-itself
2099/doctor-doom-2099,Doctor Doom 2099,2099,undercover,executable,WP-282,D-24060,packages/game-engine/src/hero/heroEffects.execute.ts#undercover,flesh-grafted-doombots|subvert-this-new-future|tear-through-time-itself
2099/ghost-rider-2099,Ghost Rider 2099,2099,cyber-mod,unsupported,,,,cyber-specter|hell-ride|infernal-chainsaw
2099/ghost-rider-2099,Ghost Rider 2099,2099,fated-future,unsupported,,,,infernal-chainsaw
2099/ghost-rider-2099,Ghost Rider 2099,2099,undercover,executable,WP-282,D-24060,packages/game-engine/src/hero/heroEffects.execute.ts#undercover,hell-ride|infernal-chainsaw
2099/hulk-2099,Hulk 2099,2099,cyber-mod,unsupported,,,,cataclysmic-frenzy|rage-incarnate
2099/hulk-2099,Hulk 2099,2099,fated-future,unsupported,,,,massive-gamma-detonation
2099/hulk-2099,Hulk 2099,2099,undercover,executable,WP-282,D-24060,packages/game-engine/src/hero/heroEffects.execute.ts#undercover,cataclysmic-frenzy|push-pain-under-the-surface
2099/ravage-2099,Ravage 2099,2099,fated-future,unsupported,,,,detect-vibrations|toxic-mutations
2099/ravage-2099,Ravage 2099,2099,reveal-attack-choose,executable,WP-253,D-24024,packages/game-engine/src/hero/heroEffects.execute.ts#reveal-attack-choose,overhorns-and-underhorns
2099/spider-man-2099,Spider-Man 2099,2099,cyber-mod,unsupported,,,,retractable-talons|venomous-fangs
2099/spider-man-2099,Spider-Man 2099,2099,fated-future,unsupported,,,,spider-silk-webbing
2099/spider-man-2099,Spider-Man 2099,2099,undercover,executable,WP-282,D-24060,packages/game-engine/src/hero/heroEffects.execute.ts#undercover,retractable-talons|spider-sense-telepathy
3dtc/black-widow,Black Widow,3dtc,defeat-with-bystander,executable,WP-486,D-24291,packages/game-engine/src/hero/heroEffects.execute.ts#defeat-with-bystander,silent-sniper
3dtc/black-widow,Black Widow,3dtc,draw,executable,WP-022,D-2201,packages/game-engine/src/hero/heroEffects.execute.ts#draw,mission-accomplished
3dtc/black-widow,Black Widow,3dtc,rescue,executable,WP-215,D-21501,packages/game-engine/src/hero/heroEffects.execute.ts#rescue,mission-accomplished
3dtc/deadpool,Deadpool,3dtc,(unmarked),unmarked,,,,
3dtc/howard-the-duck,Howard the Duck,3dtc,(unmarked),unmarked,,,,
3dtc/hulk,Hulk,3dtc,gain-wound-each,executable,WP-364,D-24156,packages/game-engine/src/hero/heroEffects.execute.ts#gain-wound-each,crazed-rampage
3dtc/hulk,Hulk,3dtc,ko-wound-reward,executable,WP-382,D-24183,packages/game-engine/src/hero/heroEffects.execute.ts#ko-wound-reward,unstoppable-hulk
3dtc/man-thing,Man-Thing,3dtc,(unmarked),unmarked,,,,
amwp/ant-army,Ant Army,amwp,antics,unsupported,,,,antagonize|anticipate|antiproton-experiments|revolutionary-anthem
amwp/ant-army,Ant Army,amwp,heist,unsupported,,,,revolutionary-anthem|up-the-ante
amwp/ant-army,Ant Army,amwp,microscopic-size-changing,unsupported,,,,anti-tank-weapons|antiproton-experiments|revolutionary-anthem
amwp/ant-army,Ant Army,amwp,size-changing,executable,WP-290,D-24074,packages/game-engine/src/hero/heroEffects.execute.ts#size-changing,antagonize|anticipate
amwp/ant-man,Ant-Man,amwp,antics,unsupported,,,,bug-swarm|hitch-a-ride
amwp/ant-man,Ant-Man,amwp,heist,unsupported,,,,tiny-little-risk
amwp/ant-man,Ant-Man,amwp,microscopic-size-changing,unsupported,,,,bug-swarm|giant-man|tiny-little-risk
amwp/ant-man,Ant-Man,amwp,size-changing,executable,WP-290,D-24074,packages/game-engine/src/hero/heroEffects.execute.ts#size-changing,hitch-a-ride|look-out-for-the-little-guy|shrink-away
amwp/cassie-lang,Cassie Lang,amwp,microscopic-size-changing,unsupported,,,,inspire-revolution|learn-from-the-past|quantum-beacon
amwp/cassie-lang,Cassie Lang,amwp,size-changing,executable,WP-290,D-24074,packages/game-engine/src/hero/heroEffects.execute.ts#size-changing,colossal-stomp|giant-hug|start-small
amwp/freedom-fighters,Freedom Fighters,amwp,draw,executable,WP-022,D-2201,packages/game-engine/src/hero/heroEffects.execute.ts#draw,steel-warrior
amwp/janet-van-dyne,Janet van Dyne,amwp,draw,executable,WP-022,D-2201,packages/game-engine/src/hero/heroEffects.execute.ts#draw,subatomic-size
amwp/jentorra,Jentorra,amwp,conqueror,unsupported,,,,conquer-the-conqueror|take-the-high-ground|unite-the-oppressed
amwp/jentorra,Jentorra,amwp,explore,unsupported,,,,find-your-courage|lead-powerful-allies
amwp/scott-lang-cat-burglar,"Scott Lang, Cat Burglar",amwp,(unmarked),unmarked,,,,
amwp/wasp,Wasp,amwp,(unmarked),unmarked,,,,
anni/brainstorm,Brainstorm,anni,out-of-time,unsupported,,,,borrow-from-the-future|time-loop-experiments
anni/fantastic-four-united,Fantastic Four United,anni,draw,executable,WP-022,D-2201,packages/game-engine/src/hero/heroEffects.execute.ts#draw,mr-fantastic
anni/fantastic-four-united,Fantastic Four United,anni,focus,unsupported,,,,human-torch|invisible-woman|mr-fantastic|thing
anni/heralds-of-galactus,Heralds of Galactus,anni,conqueror,unsupported,,,,firelord|stardust
anni/heralds-of-galactus,Heralds of Galactus,anni,focus,unsupported,,,,silver-surfer|stardust
anni/psi-lord,Psi-Lord,anni,focus,unsupported,,,,avert-future-tragedy|interdimensional-rescue|reshape-reality|slip-the-timestream
anni/psi-lord,Psi-Lord,anni,out-of-time,unsupported,,,,avert-future-tragedy|interdimensional-rescue|reshape-reality|slip-the-timestream
anni/super-skrull,Super-Skrull,anni,bridge,unsupported,,,,put-to-the-torch
anni/super-skrull,Super-Skrull,anni,conqueror,unsupported,,,,put-to-the-torch|rock-solid|transparent-motives
anni/super-skrull,Super-Skrull,anni,focus,unsupported,,,,rock-solid|stretching-credibility|transparent-motives
anni/super-skrull,Super-Skrull,anni,rooftops,unsupported,,,,put-to-the-torch
anni/super-skrull,Super-Skrull,anni,streets,unsupported,,,,put-to-the-torch
antm/ant-man,Ant-Man,antm,draw,executable,WP-022,D-2201,packages/game-engine/src/hero/heroEffects.execute.ts#draw,ride-the-ants
antm/ant-man,Ant-Man,antm,microscopic-size-changing,unsupported,,,,pym-particles|risky-science
antm/ant-man,Ant-Man,antm,size-changing,executable,WP-290,D-24074,packages/game-engine/src/hero/heroEffects.execute.ts#size-changing,giant-ego|pym-particles|ride-the-ants
antm/black-knight,Black Knight,antm,empowered,executable,WP-267,D-24044,packages/game-engine/src/hero/effectPrimitive.interpret.ts,amulet-of-avalon
antm/black-knight,Black Knight,antm,return-zero-cost-discard,executable,,D-24139,packages/game-engine/src/hero/heroEffects.execute.ts#return-zero-cost-discard,defend-the-weak
antm/black-knight,Black Knight,antm,victory-villain-attack,executable,WP-285,D-24099,packages/game-engine/src/hero/heroEffects.execute.ts#victory-villain-attack,the-ebony-blade
antm/jocasta,Jocasta,antm,draw,executable,WP-022,D-2201,packages/game-engine/src/hero/heroEffects.execute.ts#draw,holographic-image-inducer
antm/jocasta,Jocasta,antm,empowered,executable,WP-267,D-24044,packages/game-engine/src/hero/effectPrimitive.interpret.ts,creation-of-ultron
antm/jocasta,Jocasta,antm,shuffle-discard-empty-reward,executable,WP-356,D-24148,packages/game-engine/src/hero/heroEffects.execute.ts#shuffle-discard-empty-reward,electromagnetic-eyebeams|reprocess
antm/jocasta,Jocasta,antm,size-changing,executable,WP-290,D-24074,packages/game-engine/src/hero/heroEffects.execute.ts#size-changing,holographic-image-inducer
antm/wasp,Wasp,antm,draw,executable,WP-022,D-2201,packages/game-engine/src/hero/heroEffects.execute.ts#draw,tiny-winged-justice
antm/wasp,Wasp,antm,microscopic-size-changing,unsupported,,,,bio-electric-sting|founding-avenger
antm/wasp,Wasp,antm,size-changing,executable,WP-290,D-24074,packages/game-engine/src/hero/heroEffects.execute.ts#size-changing,swarm-tactics|tiny-winged-justice
antm/wonder-man,Wonder Man,antm,empowered,executable,WP-267,D-24044,packages/game-engine/src/hero/effectPrimitive.interpret.ts,8th-wonder-of-the-world|ionic-energy|one-hit-wonder
antm/wonder-man,Wonder Man,antm,optional-put-bottom-hq,executable,,D-24130,packages/game-engine/src/hero/heroEffects.execute.ts#optional-put-bottom-hq,ionic-energy
antm/wonder-man,Wonder Man,antm,put-any-number-bottom-hq,executable,,D-24132,packages/game-engine/src/hero/heroEffects.execute.ts#put-any-number-bottom-hq,8th-wonder-of-the-world
antm/wonder-man,Wonder Man,antm,put-bottom-hq-icon-reward,executable,,D-24133,packages/game-engine/src/hero/heroEffects.execute.ts#put-bottom-hq-icon-reward,absorb-ambient-power
antm/wonder-man,Wonder Man,antm,size-changing,executable,WP-290,D-24074,packages/game-engine/src/hero/heroEffects.execute.ts#size-changing,8th-wonder-of-the-world
asrd/beta-ray-bill,Beta Ray Bill,asrd,thrown-artifact,unsupported,,,,stormbreaker
asrd/beta-ray-bill,Beta Ray Bill,asrd,worthy,unsupported,,,,hope-of-the-korbinites|stormbreaker
asrd/lady-sif,Lady Sif,asrd,thrown-artifact,unsupported,,,,dimensional-blade|golden-apples-of-idunn|winged-helm
asrd/thor,Thor,asrd,thrown-artifact,unsupported,,,,mjolnir
asrd/thor,Thor,asrd,worthy,unsupported,,,,divine-lightning|mjolnir|royal-decree|test-of-virtue
asrd/valkyrie,Valkyrie,asrd,bridge,unsupported,,,,usher-to-valhalla
asrd/valkyrie,Valkyrie,asrd,conqueror,unsupported,,,,dragonfang|flying-stallion|ride-of-the-valkyries|usher-to-valhalla
asrd/valkyrie,Valkyrie,asrd,streets,unsupported,,,,flying-stallion|ride-of-the-valkyries
asrd/valkyrie,Valkyrie,asrd,thrown-artifact,unsupported,,,,dragonfang
asrd/warriors-three-the,"Warriors Three, The",asrd,bridge,unsupported,,,,volstagg-the-valiant
asrd/warriors-three-the,"Warriors Three, The",asrd,conqueror,unsupported,,,,three-stand-as-one|volstagg-the-valiant
asrd/warriors-three-the,"Warriors Three, The",asrd,draw,executable,WP-022,D-2201,packages/game-engine/src/hero/heroEffects.execute.ts#draw,fandral-the-dashing
bkpt/general-okoye,General Okoye,bkpt,ambush,unsupported,,,,to-my-last-breath
bkpt/general-okoye,General Okoye,bkpt,wound-a-villain,unsupported,,,,sovereign-bodyguard
bkpt/king-black-panther,King Black Panther,bkpt,ambush,unsupported,,,,heart-shaped-herb|unite-the-tribes-of-wakanda|unseen-protector|vibranium-claws
bkpt/king-black-panther,King Black Panther,bkpt,thrones-favor,unsupported,,,,heart-shaped-herb|unite-the-tribes-of-wakanda|unseen-protector|vibranium-claws
bkpt/princess-shuri,Princess Shuri,bkpt,ambush,unsupported,,,,become-the-next-black-panther|vibranium-experiments
bkpt/princess-shuri,Princess Shuri,bkpt,draw,executable,WP-022,D-2201,packages/game-engine/src/hero/heroEffects.execute.ts#draw,vibranium-experiments
bkpt/princess-shuri,Princess Shuri,bkpt,empowered,executable,WP-267,D-24044,packages/game-engine/src/hero/effectPrimitive.interpret.ts,kimoyo-beads|shock-net|vibranium-experiments
bkpt/queen-storm-of-wakanda,Queen Storm of Wakanda,bkpt,ambush,unsupported,,,,torrential-downpour
bkpt/queen-storm-of-wakanda,Queen Storm of Wakanda,bkpt,empowered,executable,WP-267,D-24044,packages/game-engine/src/hero/effectPrimitive.interpret.ts,hurricane-winds|thunderous-tempest|torrential-downpour
bkpt/queen-storm-of-wakanda,Queen Storm of Wakanda,bkpt,thrones-favor,unsupported,,,,forked-lightning|thunderous-tempest
bkpt/queen-storm-of-wakanda,Queen Storm of Wakanda,bkpt,wound-the-mastermind,unsupported,,,,forked-lightning
bkpt/white-wolf,White Wolf,bkpt,ambush,unsupported,,,,cloaking-tech-ambush|command-the-hatut-zeraze|reflective-vibranium-armor|secret-assignment
bkpt/white-wolf,White Wolf,bkpt,villain-or-mastermind-has-any-wounds,unsupported,,,,command-the-hatut-zeraze|secret-assignment
bkpt/white-wolf,White Wolf,bkpt,wound-a-villain,unsupported,,,,cloaking-tech-ambush
bkpt/white-wolf,White Wolf,bkpt,wound-each-villain-and-the-mastermind,unsupported,,,,reflective-vibranium-armor
bkpt/white-wolf,White Wolf,bkpt,wound-the-mastermind,unsupported,,,,reflective-vibranium-armor|secret-assignment
bkwd/black-widow,Black Widow,bkwd,dark-memories,unsupported,,,,widows-bite
bkwd/black-widow,Black Widow,bkwd,dodge,executable,WP-275,D-24051,packages/game-engine/src/moves/dodgeCard.ts,evasive-acrobatics|weave-a-web-of-spies|widows-bite
bkwd/black-widow,Black Widow,bkwd,undercover,executable,WP-282,D-24060,packages/game-engine/src/hero/heroEffects.execute.ts#undercover,infiltrate-the-conspiracy|weave-a-web-of-spies
bkwd/falcon-winter-soldier,Falcon & Winter Soldier,bkwd,dark-memories,unsupported,,,,atone|captain-americas-legacy
bkwd/falcon-winter-soldier,Falcon & Winter Soldier,bkwd,dodge,executable,WP-275,D-24051,packages/game-engine/src/moves/dodgeCard.ts,relocate
bkwd/falcon-winter-soldier,Falcon & Winter Soldier,bkwd,draw,executable,WP-022,D-2201,packages/game-engine/src/hero/heroEffects.execute.ts#draw,new-plan|reload
bkwd/red-guardian,Red Guardian,bkwd,draw,executable,WP-022,D-2201,packages/game-engine/src/hero/heroEffects.execute.ts#draw,sleeper-agent
bkwd/red-guardian,Red Guardian,bkwd,undercover,executable,WP-282,D-24060,packages/game-engine/src/hero/heroEffects.execute.ts#undercover,champion-of-the-winter-guard|death-was-only-a-ruse|magnetic-shield|sleeper-agent
bkwd/red-guardian,Red Guardian,bkwd,unleash,unsupported,,,,champion-of-the-winter-guard|death-was-only-a-ruse|magnetic-shield|sleeper-agent
bkwd/red-guardian,Red Guardian,bkwd,when-recruited,unsupported,,,,champion-of-the-winter-guard|death-was-only-a-ruse|magnetic-shield|sleeper-agent
bkwd/white-tiger,White Tiger,bkwd,dark-memories,unsupported,,,,dark-influence-of-the-hand|shadowed-resurrection
bkwd/white-tiger,White Tiger,bkwd,dodge,executable,WP-275,D-24051,packages/game-engine/src/moves/dodgeCard.ts,dark-influence-of-the-hand
bkwd/yelena-belova,Yelena Belova,bkwd,dodge,executable,WP-275,D-24051,packages/game-engine/src/moves/dodgeCard.ts,twilight-ops
bkwd/yelena-belova,Yelena Belova,bkwd,undercover,executable,WP-282,D-24060,packages/game-engine/src/hero/heroEffects.execute.ts#undercover,destroy-the-red-room|strike-and-fade|twilight-ops|unveil-identity
bkwd/yelena-belova,Yelena Belova,bkwd,unleash,unsupported,,,,destroy-the-red-room|twilight-ops|unveil-identity
ca75/agent-x-13,Agent X-13,ca75,out-of-time,unsupported,,,,sniper-squad|spy-network
ca75/agent-x-13,Agent X-13,ca75,savior,unsupported,,,,mobilize-for-war
ca75/captain-america-falcon,Captain America (Falcon),ca75,rescue,executable,WP-215,D-21501,packages/game-engine/src/hero/heroEffects.execute.ts#rescue,aerial-catch
ca75/captain-america-falcon,Captain America (Falcon),ca75,savior,unsupported,,,,star-spangled-hero|winged-salvation
ca75/captain-america-1941,Captain America 1941,ca75,draw,executable,WP-022,D-2201,packages/game-engine/src/hero/heroEffects.execute.ts#draw,devoted-patriot
ca75/captain-america-1941,Captain America 1941,ca75,out-of-time,unsupported,,,,devoted-patriot|punch-evil-in-the-face|storm-the-beachhead
ca75/captain-america-1941,Captain America 1941,ca75,rescue,executable,WP-215,D-21501,packages/game-engine/src/hero/heroEffects.execute.ts#rescue,liberate-the-prisoners
ca75/captain-america-1941,Captain America 1941,ca75,savior,unsupported,,,,liberate-the-prisoners|punch-evil-in-the-face
ca75/steve-rogers-director-of-shield,"Steve Rogers, Director of S.H.I.E.L.D.",ca75,out-of-time,unsupported,,,,shadow-of-wars-past
ca75/steve-rogers-director-of-shield,"Steve Rogers, Director of S.H.I.E.L.D.",ca75,rescue,executable,WP-215,D-21501,packages/game-engine/src/hero/heroEffects.execute.ts#rescue,save-the-world
ca75/steve-rogers-director-of-shield,"Steve Rogers, Director of S.H.I.E.L.D.",ca75,savior,unsupported,,,,international-strike-force|save-the-world|shadow-of-wars-past
ca75/winter-soldier,Winter Soldier,ca75,draw,executable,WP-022,D-2201,packages/game-engine/src/hero/heroEffects.execute.ts#draw,sniper-nest
ca75/winter-soldier,Winter Soldier,ca75,out-of-time,unsupported,,,,2-4|bionic-arm|sniper-nest
chmp/gwenpool,Gwenpool,chmp,cheering-crowds,unsupported,,,,i-heard-keywords-are-powerful
chmp/gwenpool,Gwenpool,chmp,demolish,unsupported,,,,im-the-best-at-board-games
chmp/gwenpool,Gwenpool,chmp,draw,executable,WP-022,D-2201,packages/game-engine/src/hero/heroEffects.execute.ts#draw,i-heard-keywords-are-powerful
chmp/gwenpool,Gwenpool,chmp,size-changing,executable,WP-290,D-24074,packages/game-engine/src/hero/heroEffects.execute.ts#size-changing,i-heard-keywords-are-powerful
chmp/gwenpool,Gwenpool,chmp,versatile,unsupported,,,,come-on-nobody-reads-card-names
chmp/ms-marvel,Ms. Marvel,chmp,cheering-crowds,unsupported,,,,need-to-stretch-my-legs|rising-hope
chmp/ms-marvel,Ms. Marvel,chmp,draw,executable,WP-022,D-2201,packages/game-engine/src/hero/heroEffects.execute.ts#draw,long-arm-of-the-law
chmp/ms-marvel,Ms. Marvel,chmp,rescue,executable,WP-215,D-21501,packages/game-engine/src/hero/heroEffects.execute.ts#rescue,long-arm-of-the-law
chmp/ms-marvel,Ms. Marvel,chmp,size-changing,executable,WP-290,D-24074,packages/game-engine/src/hero/heroEffects.execute.ts#size-changing,big-impact|long-arm-of-the-law|need-to-stretch-my-legs|rising-hope
chmp/ms-marvel,Ms. Marvel,chmp,versatile,unsupported,,,,big-impact|rising-hope
chmp/nova,Nova,chmp,cheering-crowds,unsupported,,,,interstellar-hero
chmp/nova,Nova,chmp,rescue,executable,WP-215,D-21501,packages/game-engine/src/hero/heroEffects.execute.ts#rescue,space-cop
chmp/nova,Nova,chmp,size-changing,executable,WP-290,D-24074,packages/game-engine/src/hero/heroEffects.execute.ts#size-changing,growing-nova-force
chmp/nova,Nova,chmp,versatile,unsupported,,,,holographic-projection|interstellar-hero|space-cop
chmp/totally-awesome-hulk,Totally Awesome Hulk,chmp,cheering-crowds,unsupported,,,,incredible-mind-awesome-body
chmp/totally-awesome-hulk,Totally Awesome Hulk,chmp,draw,executable,WP-022,D-2201,packages/game-engine/src/hero/heroEffects.execute.ts#draw,incredible-mind-awesome-body
chmp/totally-awesome-hulk,Totally Awesome Hulk,chmp,size-changing,executable,WP-290,D-24074,packages/game-engine/src/hero/heroEffects.execute.ts#size-changing,7th-smartest-man-in-the-world|beloved-behemoth|growing-pains|incredible-mind-awesome-body
chmp/viv-vision,Viv Vision,chmp,cheering-crowds,unsupported,,,,crowdsourcing
chmp/viv-vision,Viv Vision,chmp,size-changing,executable,WP-290,D-24074,packages/game-engine/src/hero/heroEffects.execute.ts#size-changing,alter-molecular-density|expanding-neural-network
chmp/viv-vision,Viv Vision,chmp,versatile,unsupported,,,,crowdsourcing
co2e/black-widow,Black Widow,co2e,attack-per-count,executable,WP-247,D-24016,packages/game-engine/src/hero/heroEffects.execute.ts#attack-per-count,intelligence-network
co2e/black-widow,Black Widow,co2e,draw,executable,WP-022,D-2201,packages/game-engine/src/hero/heroEffects.execute.ts#draw,intelligence-network
co2e/black-widow,Black Widow,co2e,optional-ko-reward,executable,WP-248,D-24019,packages/game-engine/src/hero/heroEffects.execute.ts#optional-ko-reward,dangerous-rescue
co2e/black-widow,Black Widow,co2e,rescue,executable,WP-215,D-21501,packages/game-engine/src/hero/heroEffects.execute.ts#rescue,gather-intel|intelligence-network
co2e/captain-america,Captain America,co2e,(unmarked),unmarked,,,,
co2e/cyclops,Cyclops,co2e,discard-to-play,executable,WP-383,D-24184,packages/game-engine/src/hero/heroEffects.execute.ts#discard-to-play,determination|optic-blast|x-men-united
co2e/emma-frost,Emma Frost,co2e,draw,executable,WP-022,D-2201,packages/game-engine/src/hero/heroEffects.execute.ts#draw,mental-discipline
co2e/gambit,Gambit,co2e,reveal-cost-attack,executable,WP-253,D-24024,packages/game-engine/src/hero/heroEffects.execute.ts#reveal-cost-attack,high-stakes-jackpot
co2e/hawkeye,Hawkeye,co2e,draw,executable,WP-022,D-2201,packages/game-engine/src/hero/heroEffects.execute.ts#draw,quick-draw
co2e/hulk,Hulk,co2e,ko-wound-reward,executable,WP-382,D-24183,packages/game-engine/src/hero/heroEffects.execute.ts#ko-wound-reward,dont-make-me-angry
co2e/iron-man,Iron Man,co2e,draw,executable,WP-022,D-2201,packages/game-engine/src/hero/heroEffects.execute.ts#draw,endless-invention|quantum-breakthrough
co2e/nick-fury,Nick Fury,co2e,(unmarked),unmarked,,,,
co2e/rogue,Rogue,co2e,optional-ko-reward,executable,WP-248,D-24019,packages/game-engine/src/hero/heroEffects.execute.ts#optional-ko-reward,energy-drain
co2e/spider-man,Spider-Man,co2e,reveal,executable,WP-253,D-24024,packages/game-engine/src/hero/heroEffects.execute.ts#reveal,astonishing-strength|web-shooters|with-great-power
co2e/spider-man,Spider-Man,co2e,reveal-count,unsupported,,,,with-great-power
co2e/spider-man-miles-morales,Spider-Man (Miles Morales),co2e,(unmarked),unmarked,,,,
co2e/storm,Storm,co2e,(unmarked),unmarked,,,,
co2e/thor,Thor,co2e,(unmarked),unmarked,,,,
co2e/wolverine,Wolverine,co2e,draw,executable,WP-022,D-2201,packages/game-engine/src/hero/heroEffects.execute.ts#draw,berserker-rage|frenzied-slashing|keen-senses
co2e/wolverine,Wolverine,co2e,ko-wound-reward,executable,WP-382,D-24183,packages/game-engine/src/hero/heroEffects.execute.ts#ko-wound-reward,healing-factor
core/black-widow,Black Widow,core,attack-per-count,executable,WP-247,D-24016,packages/game-engine/src/hero/heroEffects.execute.ts#attack-per-count,covert-operation
core/black-widow,Black Widow,core,defeat-with-bystander,executable,WP-486,D-24291,packages/game-engine/src/hero/heroEffects.execute.ts#defeat-with-bystander,silent-sniper
core/black-widow,Black Widow,core,draw,executable,WP-022,D-2201,packages/game-engine/src/hero/heroEffects.execute.ts#draw,mission-accomplished
core/black-widow,Black Widow,core,optional-ko-reward,executable,WP-248,D-24019,packages/game-engine/src/hero/heroEffects.execute.ts#optional-ko-reward,dangerous-rescue
core/black-widow,Black Widow,core,rescue,executable,WP-215,D-21501,packages/game-engine/src/hero/heroEffects.execute.ts#rescue,mission-accomplished
core/captain-america,Captain America,core,(unmarked),unmarked,,,,
core/cyclops,Cyclops,core,discard-to-play,executable,WP-383,D-24184,packages/game-engine/src/hero/heroEffects.execute.ts#discard-to-play,determination|optic-blast
core/cyclops,Cyclops,core,return-on-discard,executable,WP-498,D-24301,packages/game-engine/src/hero/heroEffects.execute.ts#return-on-discard,unending-energy
core/deadpool,Deadpool,core,(unmarked),unmarked,,,,
core/emma-frost,Emma Frost,core,draw,executable,WP-022,D-2201,packages/game-engine/src/hero/heroEffects.execute.ts#draw,mental-discipline
core/gambit,Gambit,core,reveal-cost-attack,executable,WP-253,D-24024,packages/game-engine/src/hero/heroEffects.execute.ts#reveal-cost-attack,high-stakes-jackpot
core/hawkeye,Hawkeye,core,draw,executable,WP-022,D-2201,packages/game-engine/src/hero/heroEffects.execute.ts#draw,quick-draw
core/hulk,Hulk,core,gain-wound-each,executable,WP-364,D-24156,packages/game-engine/src/hero/heroEffects.execute.ts#gain-wound-each,crazed-rampage
core/hulk,Hulk,core,ko-wound-reward,executable,WP-382,D-24183,packages/game-engine/src/hero/heroEffects.execute.ts#ko-wound-reward,unstoppable-hulk
core/iron-man,Iron Man,core,draw,executable,WP-022,D-2201,packages/game-engine/src/hero/heroEffects.execute.ts#draw,endless-invention|quantum-breakthrough
core/nick-fury,Nick Fury,core,(unmarked),unmarked,,,,
core/rogue,Rogue,core,copy-powers,executable,,,packages/game-engine/src/hero/heroEffects.execute.ts#copy-powers,copy-powers
core/spider-man,Spider-Man,core,rescue,executable,WP-215,D-21501,packages/game-engine/src/hero/heroEffects.execute.ts#rescue,web-shooters
core/spider-man,Spider-Man,core,reveal,executable,WP-253,D-24024,packages/game-engine/src/hero/heroEffects.execute.ts#reveal,astonishing-strength|great-responsibility|the-amazing-spider-man|web-shooters
core/spider-man,Spider-Man,core,reveal-count,unsupported,,,,the-amazing-spider-man
core/spider-man,Spider-Man,core,reveal-reorder,subsystem,WP-479,D-24286,setup:reveal-reorder-modifier,the-amazing-spider-man
core/storm,Storm,core,draw,executable,WP-022,D-2201,packages/game-engine/src/hero/heroEffects.execute.ts#draw,gathering-stormclouds
core/thor,Thor,core,recruit-as-attack,executable,WP-580,D-24389,packages/game-engine/src/hero/heroEffects.execute.ts#recruit-as-attack,god-of-thunder
core/thor,Thor,core,recruit-threshold,unsupported,,,,surge-of-power
core/wolverine,Wolverine,core,draw,executable,WP-022,D-2201,packages/game-engine/src/hero/heroEffects.execute.ts#draw,berserker-rage|frenzied-slashing|keen-senses
core/wolverine,Wolverine,core,ko-wound-reward,executable,WP-382,D-24183,packages/game-engine/src/hero/heroEffects.execute.ts#ko-wound-reward,healing-factor
cosm/adam-warlock,Adam Warlock,cosm,burn-shards,unsupported,,,,manifest-the-soul-gem|soulblast|transmute-matter
cosm/captain-mar-vell,Captain Mar-Vell,cosm,danger-sense,unsupported,,,,cosmic-awareness|protector-of-the-universe
cosm/moondragon,Moondragon,cosm,danger-sense,unsupported,,,,lunar-dragon-form|psionic-warning|psychokinetic-blast
cosm/nebula,Nebula,cosm,(unmarked),unmarked,,,,
cosm/nova,Nova,cosm,cosmic-threat,unsupported,,,,declare-galactic-threat|mobilize-the-nova-corps
cosm/nova,Nova,cosm,draw,executable,WP-022,D-2201,packages/game-engine/src/hero/heroEffects.execute.ts#draw,draw-from-the-worldmind
cosm/phyla-vell,Phyla-Vell,cosm,draw,executable,WP-022,D-2201,packages/game-engine/src/hero/heroEffects.execute.ts#draw,channel-cosmic-power
cosm/quasar,Quasar,cosm,burn-shards,unsupported,,,,cosmic-champion|the-quantum-bands|the-star-brand
cosm/ronan-the-accuser,Ronan the Accuser,cosm,burn-shards,unsupported,,,,universal-weapon
cosm/ronan-the-accuser,Ronan the Accuser,cosm,contest-of-champions,unsupported,,,,accuse-enemies-of-the-empire|seek-the-infinity-gems
cosm/ronan-the-accuser,Ronan the Accuser,cosm,rescue,executable,WP-215,D-21501,packages/game-engine/src/hero/heroEffects.execute.ts#rescue,rally-kree-warriors
cosm/yondu,Yondu,cosm,burn-shards,unsupported,,,,whistling-arrow
cosm/yondu,Yondu,cosm,danger-sense,unsupported,,,,anticipate-their-movements|interstellar-hunter
cvwr/captain-america-secret-avenger,"Captain America, Secret Avenger",cvwr,(unmarked),unmarked,,,,
cvwr/cloak-dagger,Cloak & Dagger,cvwr,phasing,unsupported,,,,fight|flee
cvwr/cloak-dagger,Cloak & Dagger,cvwr,reveal-ko,executable,WP-253,D-24024,packages/game-engine/src/hero/heroEffects.execute.ts#reveal-ko,darkness
cvwr/cloak-dagger,Cloak & Dagger,cvwr,reveal-min,executable,WP-253,D-24024,packages/game-engine/src/hero/heroEffects.execute.ts#reveal-min,light
cvwr/daredevil,Daredevil,cvwr,(unmarked),unmarked,,,,
cvwr/falcon,Falcon,cvwr,(unmarked),unmarked,,,,
cvwr/goliath,Goliath,cvwr,draw,executable,WP-022,D-2201,packages/game-engine/src/hero/heroEffects.execute.ts#draw,growth-industry
cvwr/goliath,Goliath,cvwr,size-changing,executable,WP-290,D-24074,packages/game-engine/src/hero/heroEffects.execute.ts#size-changing,being-big-is-best|brilliant-biochemist|enormous-implications|growth-industry|massive-warrior
cvwr/hercules,Hercules,cvwr,draw,executable,WP-022,D-2201,packages/game-engine/src/hero/heroEffects.execute.ts#draw,boy-genius
cvwr/hercules,Hercules,cvwr,reveal-ko,executable,WP-253,D-24024,packages/game-engine/src/hero/heroEffects.execute.ts#reveal-ko,prince-of-power
cvwr/hulkling,Hulkling,cvwr,gain-wound-self,executable,WP-364,D-24156,packages/game-engine/src/hero/heroEffects.execute.ts#gain-wound-self,half-kree
cvwr/hulkling,Hulkling,cvwr,ko-wound-reward,executable,WP-382,D-24183,packages/game-engine/src/hero/heroEffects.execute.ts#ko-wound-reward,cellular-regeneration
cvwr/hulkling,Hulkling,cvwr,size-changing,executable,WP-290,D-24074,packages/game-engine/src/hero/heroEffects.execute.ts#size-changing,cellular-regeneration|enormous-shapeshifter|half-kree|half-skrull|impersonate
cvwr/luke-cage,Luke Cage,cvwr,fortify,unsupported,,,,unbreakable-skin
cvwr/luke-cage,Luke Cage,cvwr,gain-wound-self,executable,WP-364,D-24156,packages/game-engine/src/hero/heroEffects.execute.ts#gain-wound-self,reckless
cvwr/patriot,Patriot,cvwr,(unmarked),unmarked,,,,
cvwr/peter-parker,Peter Parker,cvwr,rescue,executable,WP-215,D-21501,packages/game-engine/src/hero/heroEffects.execute.ts#rescue,protect-my-family
cvwr/peter-parker,Peter Parker,cvwr,reveal,executable,WP-253,D-24024,packages/game-engine/src/hero/heroEffects.execute.ts#reveal,conflicted-loyalties
cvwr/speedball,Speedball,cvwr,draw,executable,WP-022,D-2201,packages/game-engine/src/hero/heroEffects.execute.ts#draw,double-down
cvwr/stature,Stature,cvwr,draw,executable,WP-022,D-2201,packages/game-engine/src/hero/heroEffects.execute.ts#draw,crush-file-sizes|shrink-to-nothing
cvwr/stature,Stature,cvwr,size-changing,executable,WP-290,D-24074,packages/game-engine/src/hero/heroEffects.execute.ts#size-changing,crush-ants|crush-file-sizes|growing-confidence|shrink-to-nothing|trample-the-tiny
cvwr/storm-black-panther,Storm & Black Panther,cvwr,draw,executable,WP-022,D-2201,packages/game-engine/src/hero/heroEffects.execute.ts#draw,gathering-clues|gathering-rain-clouds
cvwr/tigra,Tigra,cvwr,draw,executable,WP-022,D-2201,packages/game-engine/src/hero/heroEffects.execute.ts#draw,ferocity
cvwr/vision,Vision,cvwr,phasing,unsupported,,,,harder-than-diamond|insubstantial-accomplishments|lighter-than-air|solar-energy|through-solid-objects
cvwr/vision,Vision,cvwr,size-changing,executable,WP-290,D-24074,packages/game-engine/src/hero/heroEffects.execute.ts#size-changing,harder-than-diamond|lighter-than-air
cvwr/wiccan,Wiccan,cvwr,draw,executable,WP-022,D-2201,packages/game-engine/src/hero/heroEffects.execute.ts#draw,supersonic-speed|supersonic-spells
cvwr/wiccan,Wiccan,cvwr,phasing,unsupported,,,,astral-projection|sorcerous-illusions
dead/bob-agent-of-hydra,"Bob, Agent of HYDRA",dead,excessive-violence,unsupported,,,,bullets-flying-bob-hiding|epic-middle-manager
dead/deadpool,Deadpool,dead,excessive-violence,unsupported,,,,deadpool-rage
dead/slapstick,Slapstick,dead,excessive-violence,unsupported,,,,electroplasmic-insanity|saturday-morning-harpoons|surprise-chainsaw
dead/solo,Solo,dead,excessive-violence,unsupported,,,,mercs-gotta-get-paid
dead/stingray,Stingray,dead,draw,executable,WP-022,D-2201,packages/game-engine/src/hero/heroEffects.execute.ts#draw,deck-chairs-on-the-titanic|superpowered-swimsuit
dead/stingray,Stingray,dead,excessive-violence,unsupported,,,,sting-of-the-stingrays-sting
dims/howard-the-duck,Howard the Duck,dims,(unmarked),unmarked,,,,
dims/jessica-jones,Jessica Jones,dims,investigate,unsupported,,,,alias-investigations|crack-the-case|uncover-hidden-evil
dims/jessica-jones,Jessica Jones,dims,switcheroo,unsupported,,,,alias-investigations|alter-ego|crack-the-case
dims/man-thing,Man-Thing,dims,teleport,unsupported,,,,form-from-ooze|travel-the-nexus-of-realities
dims/ms-america,Ms. America,dims,investigate,unsupported,,,,search-parallel-dimensions
dims/ms-america,Ms. America,dims,teleport,unsupported,,,,kick-a-hole-in-reality|search-parallel-dimensions|star-power
dims/squirrel-girl,Squirrel Girl,dims,investigate,unsupported,,,,find-tiny-friends
dims/squirrel-girl,Squirrel Girl,dims,switcheroo,unsupported,,,,find-tiny-friends|nut-punch|squirrelgility|unbeatable-squirrel-girl
dkcy/angel,Angel,dkcy,(unmarked),unmarked,,,,
dkcy/bishop,Bishop,dkcy,draw,executable,WP-022,D-2201,packages/game-engine/src/hero/heroEffects.execute.ts#draw,whatever-the-cost
dkcy/blade,Blade,dkcy,(unmarked),unmarked,,,,
dkcy/cable,Cable,dkcy,teleport,unsupported,,,,rapid-response-force
dkcy/colossus,Colossus,dkcy,gain-wound-self,executable,WP-364,D-24156,packages/game-engine/src/hero/heroEffects.execute.ts#gain-wound-self,draw-their-fire
dkcy/daredevil,Daredevil,dkcy,(unmarked),unmarked,,,,
dkcy/domino,Domino,dkcy,draw,executable,WP-022,D-2201,packages/game-engine/src/hero/heroEffects.execute.ts#draw,lucky-break
dkcy/domino,Domino,dkcy,versatile,unsupported,,,,against-all-odds|lucky-break|ready-for-anything
dkcy/elektra,Elektra,dkcy,draw,executable,WP-022,D-2201,packages/game-engine/src/hero/heroEffects.execute.ts#draw,ninjitsu
dkcy/forge,Forge,dkcy,versatile,unsupported,,,,overdrive
dkcy/ghost-rider,Ghost Rider,dkcy,draw,executable,WP-022,D-2201,packages/game-engine/src/hero/heroEffects.execute.ts#draw,infernal-chains
dkcy/iceman,Iceman,dkcy,draw,executable,WP-022,D-2201,packages/game-engine/src/hero/heroEffects.execute.ts#draw,deep-freeze
dkcy/iron-fist,Iron Fist,dkcy,draw,executable,WP-022,D-2201,packages/game-engine/src/hero/heroEffects.execute.ts#draw,ancient-legacy
dkcy/iron-fist,Iron Fist,dkcy,versatile,unsupported,,,,ancient-legacy
dkcy/jean-grey,Jean Grey,dkcy,rescue,executable,WP-215,D-21501,packages/game-engine/src/hero/heroEffects.execute.ts#rescue,psychic-search
dkcy/nightcrawler,Nightcrawler,dkcy,teleport,unsupported,,,,along-for-the-ride|bamf|blend-into-shadows
dkcy/professor-x,Professor X,dkcy,(unmarked),unmarked,,,,
dkcy/punisher,Punisher,dkcy,draw,executable,WP-022,D-2201,packages/game-engine/src/hero/heroEffects.execute.ts#draw,boom-goes-the-dynamite
dkcy/punisher,Punisher,dkcy,reveal-ko,executable,WP-253,D-24024,packages/game-engine/src/hero/heroEffects.execute.ts#reveal-ko,boom-goes-the-dynamite
dkcy/wolverine,Wolverine,dkcy,draw,executable,WP-022,D-2201,packages/game-engine/src/hero/heroEffects.execute.ts#draw,animal-instincts|no-mercy
dstr/ancient-one-the,"Ancient One, The",dstr,astral-plane,unsupported,,,,astral-confrontation
dstr/ancient-one-the,"Ancient One, The",dstr,draw,executable,WP-022,D-2201,packages/game-engine/src/hero/heroEffects.execute.ts#draw,teachings-of-kamar-taj
dstr/ancient-one-the,"Ancient One, The",dstr,ritual-artifact,unsupported,,,,the-orb-of-agamotto
dstr/clea,Clea,dstr,demonic-bargain,unsupported,,,,bind-the-dark-dimension|demonic-descendant
dstr/clea,Clea,dstr,ritual-artifact,unsupported,,,,the-purple-gem
dstr/doctor-strange,Doctor Strange,dstr,artifact,unsupported,,,,keeper-of-the-sanctum|the-eye-of-agamotto
dstr/doctor-strange,Doctor Strange,dstr,ritual-artifact,unsupported,,,,book-of-cagliostro|the-eye-of-agamotto|wand-of-watoomb
dstr/doctor-voodoo,Doctor Voodoo,dstr,artifact,unsupported,,,,commune-with-the-spirit-world
dstr/doctor-voodoo,Doctor Voodoo,dstr,ritual-artifact,unsupported,,,,medallion-of-many-loas|staff-of-legba
dstr/vishanti-the,"Vishanti, The",dstr,demonic-bargain,unsupported,,,,agamotto|hoggoth
dstr/vishanti-the,"Vishanti, The",dstr,ko-wound-reward,executable,WP-382,D-24183,packages/game-engine/src/hero/heroEffects.execute.ts#ko-wound-reward,oshtur
dstr/vishanti-the,"Vishanti, The",dstr,ritual-artifact,unsupported,,,,the-book-of-the-vishanti
fear/greithoth-breaker-of-wills,"Greithoth, Breaker of Wills",fear,artifact,unsupported,,,,absorb-metal
fear/greithoth-breaker-of-wills,"Greithoth, Breaker of Wills",fear,artifacts,unsupported,,,,body-of-uru
fear/greithoth-breaker-of-wills,"Greithoth, Breaker of Wills",fear,thrown-artifact,unsupported,,,,mace-of-chains
fear/kuurth-breaker-of-stone,"Kuurth, Breaker of Stone",fear,thrown-artifact,unsupported,,,,unstoppable-sledge
fear/nerkkod-breaker-of-oceans,"Nerkkod, Breaker of Oceans",fear,thrown-artifact,unsupported,,,,cudgel-of-the-deep
fear/nul-breaker-of-worlds,"Nul, Breaker of Worlds",fear,demolish,unsupported,,,,break-the-world|demolition-derby
fear/nul-breaker-of-worlds,"Nul, Breaker of Worlds",fear,thrown-artifact,unsupported,,,,otherworldly-maul
fear/skadi,Skadi,fear,thrown-artifact,unsupported,,,,hammer-of-the-serpent|war-banner-of-hydra
fear/skirn-breaker-of-men,"Skirn, Breaker of Men",fear,thrown-artifact,unsupported,,,,titanic-bludgeon
ff04/human-torch,Human Torch,ff04,focus,unsupported,,,,flame-on
ff04/human-torch,Human Torch,ff04,gain-wound-self,executable,WP-364,D-24156,packages/game-engine/src/hero/heroEffects.execute.ts#gain-wound-self,hothead
ff04/human-torch,Human Torch,ff04,ko-wound-reward,executable,WP-382,D-24183,packages/game-engine/src/hero/heroEffects.execute.ts#ko-wound-reward,call-for-backup
ff04/invisible-woman,Invisible Woman,ff04,focus,unsupported,,,,disappearing-act|unseen-rescue
ff04/mr-fantastic,Mr. Fantastic,ff04,draw,executable,WP-022,D-2201,packages/game-engine/src/hero/heroEffects.execute.ts#draw,unstable-molecules
ff04/mr-fantastic,Mr. Fantastic,ff04,focus,unsupported,,,,twisting-equations|ultimate-nullifier
ff04/silver-surfer,Silver Surfer,ff04,focus,unsupported,,,,epic-destiny|the-power-cosmic|warp-speed
ff04/thing,Thing,ff04,focus,unsupported,,,,crime-stopper|knuckle-sandwich
gotg/drax-the-destroyer,Drax the Destroyer,gotg,artifact,unsupported,,,,knives-of-the-hunter
gotg/gamora,Gamora,gotg,artifact,unsupported,,,,godslayer-blade
gotg/groot,Groot,gotg,(unmarked),unmarked,,,,
gotg/rocket-raccoon,Rocket Raccoon,gotg,artifact,unsupported,,,,incoming-detector
gotg/star-lord,Star-Lord,gotg,artifact,unsupported,,,,element-guns|implanted-memory-chip|sentient-starship
mdns/blade-daywalker,"Blade, Daywalker",mdns,blood-frenzy,unsupported,,,,creature-of-dawn-and-dusk
mdns/blade-daywalker,"Blade, Daywalker",mdns,moonlight,unsupported,,,,creature-of-dawn-and-dusk|ride-by-moonlight
mdns/blade-daywalker,"Blade, Daywalker",mdns,patrol,unsupported,,,,hunt-high-and-low|where-monsters-lurk
mdns/blade-daywalker,"Blade, Daywalker",mdns,sunlight,unsupported,,,,creature-of-dawn-and-dusk
mdns/elsa-bloodstone,Elsa Bloodstone,mdns,blood-frenzy,unsupported,,,,vengeance-of-the-bloodstone-gem
mdns/elsa-bloodstone,Elsa Bloodstone,mdns,hunt-for-victims,unsupported,,,,stalk-the-night-stalkers
mdns/elsa-bloodstone,Elsa Bloodstone,mdns,patrol,unsupported,,,,axe-of-the-slayer|silver-bullets|vengeance-of-the-bloodstone-gem
mdns/morbius,Morbius,mdns,blood-frenzy,unsupported,,,,insatiable-craving|its-morbin-time|mesmerize
mdns/morbius,Morbius,mdns,moonlight,unsupported,,,,mesmerize|scalded-by-sunlight
mdns/morbius,Morbius,mdns,sunlight,unsupported,,,,scalded-by-sunlight
mdns/werewolf-by-night,Werewolf by Night,mdns,blood-frenzy,unsupported,,,,release-the-beast
mdns/werewolf-by-night,Werewolf by Night,mdns,moonlight,unsupported,,,,release-the-beast|snarling-fangs|starlit-path|track-the-captives
mdns/werewolf-by-night,Werewolf by Night,mdns,sunlight,unsupported,,,,release-the-beast|snarling-fangs|starlit-path
mdns/wong-master-of-the-mystic-arts,"Wong, Master of the Mystic Arts",mdns,patrol,unsupported,,,,bridge-between-dimensions|seal-the-rift
mdns/wong-master-of-the-mystic-arts,"Wong, Master of the Mystic Arts",mdns,sunlight,unsupported,,,,face-your-demons|searing-shards-of-sunlight
mgtg/drax,Drax,mgtg,excessive-violence,unsupported,,,,i-am-invisible|nothing-goes-over-my-head|prison-riot|remove-his-spine|revenge-for-my-family
mgtg/drax,Drax,mgtg,triggered-artifact,unsupported,,,,dual-knives
mgtg/gamora,Gamora,mgtg,artifact,unsupported,,,,sharpen-blades
mgtg/gamora,Gamora,mgtg,draw,executable,WP-022,D-2201,packages/game-engine/src/hero/heroEffects.execute.ts#draw,forgive|resourceful-fugitive
mgtg/gamora,Gamora,mgtg,triggered-artifact,unsupported,,,,retractable-sword
mgtg/mantis,Mantis,mgtg,draw,executable,WP-022,D-2201,packages/game-engine/src/hero/heroEffects.execute.ts#draw,selfish|selfless
mgtg/mantis,Mantis,mgtg,excessive-kindness,unsupported,,,,discover-the-dead|emotional-wave|empathic-bond|inspire-courage|sleep
mgtg/rocket-groot,Rocket & Groot,mgtg,excessive-kindness,unsupported,,,,baby-groot|compassion
mgtg/rocket-groot,Rocket & Groot,mgtg,excessive-violence,unsupported,,,,gravity-mines|passion
mgtg/rocket-groot,Rocket & Groot,mgtg,triggered-artifact,unsupported,,,,gravity-mines
mgtg/star-lord,Star-Lord,mgtg,artifact,unsupported,,,,borrowed-nova-blaster|dont-need-that-stuff|expandable-helmet|give|hadron-enforcer|starship-sensors|take
mgtg/star-lord,Star-Lord,mgtg,triggered-artifact,unsupported,,,,borrowed-nova-blaster|expandable-helmet|hadron-enforcer|starship-sensors
msis/black-panther,Black Panther,msis,draw,executable,WP-022,D-2201,packages/game-engine/src/hero/heroEffects.execute.ts#draw,wakanda-forever
msis/black-panther,Black Panther,msis,sacrifice,unsupported,,,,great-many-lives-lost
msis/bruce-banner,Bruce Banner,msis,ko-wound-reward,executable,WP-382,D-24183,packages/game-engine/src/hero/heroEffects.execute.ts#ko-wound-reward,hulkbuster-armor
msis/bruce-banner,Bruce Banner,msis,sacrifice,unsupported,,,,burst-of-rage|reverse-the-snap
msis/captain-marvel,Captain Marvel,msis,draw,executable,WP-022,D-2201,packages/game-engine/src/hero/heroEffects.execute.ts#draw,dawning-hope|infused-by-the-tesseract
msis/captain-marvel,Captain Marvel,msis,endgame,unsupported,,,,infused-by-the-tesseract|return-from-the-stars|time-to-end-it|turning-point
msis/doctor-strange,Doctor Strange,msis,phasing,unsupported,,,,invoke-the-time-stone|open-portals|sift-futures
msis/doctor-strange,Doctor Strange,msis,sacrifice,unsupported,,,,1-in-14-000-065|invoke-the-time-stone
msis/wanda-vision,Wanda & Vision,msis,reveal-odd-draw,executable,WP-253,D-24024,packages/game-engine/src/hero/heroEffects.execute.ts#reveal-odd-draw,witchcraft
msis/wanda-vision,Wanda & Vision,msis,sacrifice,unsupported,,,,let-go|we-have-to-destroy-it
msmc/m,M,msmc,clone,unsupported,,,,interweaving-powers|penance-form|three-sisters-combined|uncover-family-secrets
msmc/m,M,msmc,draw,executable,WP-022,D-2201,packages/game-engine/src/hero/heroEffects.execute.ts#draw,three-sisters-combined
msmc/m,M,msmc,investigate,unsupported,,,,uncover-family-secrets
msmc/m,M,msmc,tactical-formation,unsupported,,,,interweaving-powers|three-sisters-combined
msmc/m,M,msmc,when-recruited,unsupported,,,,interweaving-powers|penance-form|three-sisters-combined|uncover-family-secrets
msmc/multiple-man,Multiple Man,msmc,clone,unsupported,,,,finding-myself|me-myself-and-i|perfect-match|reabsorb-duplicates
msmc/multiple-man,Multiple Man,msmc,investigate,unsupported,,,,finding-myself
msmc/multiple-man,Multiple Man,msmc,tactical-formation,unsupported,,,,me-myself-and-i|reabsorb-duplicates
msmc/rictor,Rictor,msmc,investigate,unsupported,,,,trace-the-fault-lines|unearth-tectonic-power
msmc/rictor,Rictor,msmc,shatter,unsupported,,,,massive-earthquake|underground-cave-in
msmc/shatterstar,Shatterstar,msmc,clone,unsupported,,,,bioelectric-surge|gene-spliced-creation|gladiators-blades|strive-for-greatness
msmc/shatterstar,Shatterstar,msmc,draw,executable,WP-022,D-2201,packages/game-engine/src/hero/heroEffects.execute.ts#draw,gladiators-blades
msmc/shatterstar,Shatterstar,msmc,shatter,unsupported,,,,gene-spliced-creation
msmc/shatterstar,Shatterstar,msmc,tactical-formation,unsupported,,,,bioelectric-surge
msmc/shatterstar,Shatterstar,msmc,when-recruited,unsupported,,,,bioelectric-surge|gene-spliced-creation|gladiators-blades|strive-for-greatness
msmc/siryn,Siryn,msmc,investigate,unsupported,,,,echolocation
msmc/siryn,Siryn,msmc,shatter,unsupported,,,,hypnotic-call|splintering-shriek|three-octave-arpeggio
msmc/siryn,Siryn,msmc,tactical-formation,unsupported,,,,three-octave-arpeggio
msmc/stepford-cuckoos,Stepford Cuckoos,msmc,clone,unsupported,,,,find-mutants-with-cerebro|mind-wipe|shared-thoughts|telepathic-warning
msmc/stepford-cuckoos,Stepford Cuckoos,msmc,investigate,unsupported,,,,find-mutants-with-cerebro|shared-thoughts
msmc/stepford-cuckoos,Stepford Cuckoos,msmc,tactical-formation,unsupported,,,,mind-wipe|shared-thoughts|telepathic-warning
msmc/stepford-cuckoos,Stepford Cuckoos,msmc,when-recruited,unsupported,,,,find-mutants-with-cerebro|mind-wipe|shared-thoughts|telepathic-warning
msmc/strong-guy,Strong Guy,msmc,investigate,unsupported,,,,treasure-hunt|x-factor-investigations
msmc/strong-guy,Strong Guy,msmc,tactical-formation,unsupported,,,,go-big
msmc/warpath,Warpath,msmc,investigate,unsupported,,,,grim-tracker|superhuman-senses
msmc/warpath,Warpath,msmc,tactical-formation,unsupported,,,,dangerous-maneuver
msp1/black-widow,Black Widow,msp1,defeat-with-bystander,executable,WP-486,D-24291,packages/game-engine/src/hero/heroEffects.execute.ts#defeat-with-bystander,silent-sniper
msp1/black-widow,Black Widow,msp1,draw,executable,WP-022,D-2201,packages/game-engine/src/hero/heroEffects.execute.ts#draw,mission-accomplished
msp1/black-widow,Black Widow,msp1,rescue,executable,WP-215,D-21501,packages/game-engine/src/hero/heroEffects.execute.ts#rescue,mission-accomplished
msp1/captain-america,Captain America,msp1,(unmarked),unmarked,,,,
msp1/hawkeye,Hawkeye,msp1,draw,executable,WP-022,D-2201,packages/game-engine/src/hero/heroEffects.execute.ts#draw,quick-draw
msp1/hulk,Hulk,msp1,gain-wound-each,executable,WP-364,D-24156,packages/game-engine/src/hero/heroEffects.execute.ts#gain-wound-each,crazed-rampage
msp1/hulk,Hulk,msp1,ko-wound-reward,executable,WP-382,D-24183,packages/game-engine/src/hero/heroEffects.execute.ts#ko-wound-reward,unstoppable-hulk
msp1/iron-man,Iron Man,msp1,draw,executable,WP-022,D-2201,packages/game-engine/src/hero/heroEffects.execute.ts#draw,endless-invention|quantum-breakthrough
msp1/nick-fury,Nick Fury,msp1,(unmarked),unmarked,,,,
msp1/thor,Thor,msp1,recruit-threshold,unsupported,,,,surge-of-power
nmut/karma,Karma,nmut,(unmarked),unmarked,,,,
nmut/mirage,Mirage,nmut,moonlight,unsupported,,,,dreams-made-real|haunted-by-the-demon-bear
nmut/mirage,Mirage,nmut,waking-nightmare,unsupported,,,,haunted-by-the-demon-bear|nightmare-wolves
nmut/sunspot,Sunspot,nmut,moonlight,unsupported,,,,absorb-radiation
nmut/sunspot,Sunspot,nmut,put-any-number-bottom-hq,executable,,D-24132,packages/game-engine/src/hero/heroEffects.execute.ts#put-any-number-bottom-hq,empyreal-force
nmut/sunspot,Sunspot,nmut,sunlight,unsupported,,,,absorb-radiation|empyreal-force|solar-powered|thermokinetic-fury
nmut/warlock,Warlock,nmut,moonlight,unsupported,,,,analyze-planetary-rotation|nanite-shapeshifter
nmut/warlock,Warlock,nmut,sunlight,unsupported,,,,analyze-planetary-rotation|nanite-shapeshifter
nmut/wolfsbane,Wolfsbane,nmut,moonlight,unsupported,,,,howl-at-the-moon|night-vision|nocturnal-savagery|wolf-out
nmut/wolfsbane,Wolfsbane,nmut,sunlight,unsupported,,,,wolf-out
noir/angel-noir,Angel Noir,noir,investigate,unsupported,,,,missing-person-case|multitalented
noir/daredevil-noir,Daredevil Noir,noir,investigate,unsupported,,,,discover-the-bodies|listen-for-heartbeats
noir/iron-man-noir,Iron Man Noir,noir,investigate,unsupported,,,,adventurers-assemble|mechanized-plate-mail
noir/luke-cage-noir,Luke Cage Noir,noir,investigate,unsupported,,,,private-investigations|unbreakable-cage
noir/spider-man-noir,Spider-Man Noir,noir,investigate,unsupported,,,,gumshoes-revolver|solve-the-crime|spider-totems-chosen
pttr/black-cat,Black Cat,pttr,wall-crawl,executable,WP-273,D-24049,packages/game-engine/src/moves/recruitHero.ts,casual-bank-robbery|pickpocket
pttr/moon-knight,Moon Knight,pttr,wall-crawl,executable,WP-273,D-24049,packages/game-engine/src/moves/recruitHero.ts,climbing-claws|lunar-communion
pttr/scarlet-spider,Scarlet Spider,pttr,draw,executable,WP-022,D-2201,packages/game-engine/src/hero/heroEffects.execute.ts#draw,flip-out|perfect-hunter
pttr/scarlet-spider,Scarlet Spider,pttr,wall-crawl,executable,WP-273,D-24049,packages/game-engine/src/moves/recruitHero.ts,flip-out|leap-from-above|perfect-hunter
pttr/spider-woman,Spider-Woman,pttr,wall-crawl,executable,WP-273,D-24049,packages/game-engine/src/moves/recruitHero.ts,bioelectric-shock|venom-blast
pttr/symbiote-spider-man,Symbiote Spider-Man,pttr,wall-crawl,executable,WP-273,D-24049,packages/game-engine/src/moves/recruitHero.ts,dark-strength|shadowed-spider
rlmk/black-bolt,Black Bolt,rlmk,don't-speak,unsupported,,,,the-kings-speech
rlmk/black-bolt,Black Bolt,rlmk,speak,unsupported,,,,the-kings-speech
rlmk/black-bolt,Black Bolt,rlmk,thrones-favor,unsupported,,,,break-the-silence|declaration-of-war|the-kings-speech
rlmk/black-bolt,Black Bolt,rlmk,when-recruited-abilities,unsupported,,,,break-the-silence
rlmk/crystal,Crystal,rlmk,draw,executable,WP-022,D-2201,packages/game-engine/src/hero/heroEffects.execute.ts#draw,master-the-four-elements
rlmk/crystal,Crystal,rlmk,thrones-favor,unsupported,,,,elemental-princess
rlmk/crystal,Crystal,rlmk,when-recruited-abilities,unsupported,,,,elemental-princess|weave-four-into-one
rlmk/gorgon,Gorgon,rlmk,abomination,unsupported,,,,lead-the-inhuman-elite|stomping-shockwave
rlmk/gorgon,Gorgon,rlmk,highest-abomination,unsupported,,,,trample-underhoof
rlmk/gorgon,Gorgon,rlmk,rooftops-abomination,unsupported,,,,lead-the-inhuman-elite
rlmk/gorgon,Gorgon,rlmk,streets-abomination,unsupported,,,,stomping-shockwave
rlmk/gorgon,Gorgon,rlmk,teleport,unsupported,,,,lead-the-inhuman-elite|lockjaw-inhumans-best-friend
rlmk/gorgon,Gorgon,rlmk,when-recruited-abilities,unsupported,,,,lead-the-inhuman-elite|lockjaw-inhumans-best-friend|stomping-shockwave|trample-underhoof
rlmk/karnak,Karnak,rlmk,when-recruited-abilities,unsupported,,,,brilliant-strategist|find-fatal-flaw|seek-the-center|shatter-the-weak-point
rlmk/medusa,Medusa,rlmk,thrones-favor,unsupported,,,,headstrong|queen-of-the-inhumans|royal-command|splitting-hairs
rlmk/medusa,Medusa,rlmk,when-recruited-abilities,unsupported,,,,headstrong|queen-of-the-inhumans|royal-command|splitting-hairs
rvlt/captain-marvel-agent-of-shield,"Captain Marvel, Agent of S.H.I.E.L.D.",rvlt,last-stand,unsupported,,,,dominate-the-battlefield|higher-further-faster
rvlt/darkhawk,Darkhawk,rvlt,draw,executable,WP-022,D-2201,packages/game-engine/src/hero/heroEffects.execute.ts#draw,balance-the-darkforce
rvlt/darkhawk,Darkhawk,rvlt,hyperspeed,unsupported,,,,hawk-dive|warflight
rvlt/hellcat,Hellcat,rvlt,(unmarked),unmarked,,,,
rvlt/photon,Photon,rvlt,hyperspeed,unsupported,,,,ultraviolet-radiation
rvlt/photon,Photon,rvlt,last-stand,unsupported,,,,coruscating-vengeance
rvlt/quicksilver,Quicksilver,rvlt,hyperspeed,unsupported,,,,around-the-world-punch|perpetual-motion|too-fast-to-see
rvlt/ronin,Ronin,rvlt,dark-memories,unsupported,,,,brooding-fury|haunted-by-loss
rvlt/ronin,Ronin,rvlt,draw,executable,WP-022,D-2201,packages/game-engine/src/hero/heroEffects.execute.ts#draw,storm-of-arrows
rvlt/ronin,Ronin,rvlt,hyperspeed,unsupported,,,,storm-of-arrows
rvlt/scarlet-witch,Scarlet Witch,rvlt,dark-memories,unsupported,,,,alter-reality|warp-time-and-space
rvlt/speed,Speed,rvlt,hyperspeed,unsupported,,,,accelerate|break-the-sound-barrier
rvlt/war-machine,War Machine,rvlt,hyperspeed,unsupported,,,,hypersonic-cannon
shld/agent-phil-coulson,Agent Phil Coulson,shld,s.h.i.e.l.d.-level,unsupported,,,,fake-but-inspiring-death|impeccable-planning
shld/agent-phil-coulson,Agent Phil Coulson,shld,s.h.i.e.l.d.-levels,unsupported,,,,approve-orbital-strike
shld/agent-phil-coulson,Agent Phil Coulson,shld,undercover,executable,WP-282,D-24060,packages/game-engine/src/hero/heroEffects.execute.ts#undercover,approve-orbital-strike|build-the-strike-team|fake-but-inspiring-death
shld/deathlok,Deathlok,shld,draw,executable,WP-022,D-2201,packages/game-engine/src/hero/heroEffects.execute.ts#draw,authorize-lethal-force
shld/deathlok,Deathlok,shld,s.h.i.e.l.d.-level,unsupported,,,,authorize-lethal-force|behind-enemy-lines|headlok
shld/deathlok,Deathlok,shld,undercover,executable,WP-282,D-24060,packages/game-engine/src/hero/heroEffects.execute.ts#undercover,behind-enemy-lines|headlok|reanimate-into-service
shld/dum-dum-dugan,Dum Dum Dugan,shld,undercover,executable,WP-282,D-24060,packages/game-engine/src/hero/heroEffects.execute.ts#undercover,dum-dum-dugan
shld/gw-bridge,G.W. Bridge,shld,(unmarked),unmarked,,,,
shld/grant-ward,Grant Ward,shld,undercover,executable,WP-282,D-24060,packages/game-engine/src/hero/heroEffects.execute.ts#undercover,grant-ward
shld/leo-fitz-and-jemma-simmons,Leo Fitz and Jemma Simmons,shld,(unmarked),unmarked,,,,
shld/melinda-may,Melinda May,shld,(unmarked),unmarked,,,,
shld/mockingbird,Mockingbird,shld,draw,executable,WP-022,D-2201,packages/game-engine/src/hero/heroEffects.execute.ts#draw,infinity-formula
shld/mockingbird,Mockingbird,shld,s.h.i.e.l.d.-level,unsupported,,,,battle-staves
shld/mockingbird,Mockingbird,shld,s.h.i.e.l.d.-levels,unsupported,,,,infinity-formula|spymaster
shld/mockingbird,Mockingbird,shld,undercover,executable,WP-282,D-24060,packages/game-engine/src/hero/heroEffects.execute.ts#undercover,infinity-formula|spymaster|take-cover
shld/quake,Quake,shld,s.h.i.e.l.d.-level,unsupported,,,,aftershock|roil-the-earth|tectonic-wave
shld/quake,Quake,shld,undercover,executable,WP-282,D-24060,packages/game-engine/src/hero/heroEffects.execute.ts#undercover,going-underground|roil-the-earth|tectonic-wave
shld/sharon-carter,Sharon Carter,shld,undercover,executable,WP-282,D-24060,packages/game-engine/src/hero/heroEffects.execute.ts#undercover,sharon-carter
shld/victoria-hand,Victoria Hand,shld,undercover,executable,WP-282,D-24060,packages/game-engine/src/hero/heroEffects.execute.ts#undercover,victoria-hand
shld/yo-yo-rodriguez,Yo-Yo Rodriguez,shld,undercover,executable,WP-282,D-24060,packages/game-engine/src/hero/heroEffects.execute.ts#undercover,yo-yo-rodriguez
smhc/happy-hogan,Happy Hogan,smhc,coordinate,unsupported,,,,head-of-security|loyal-friend
smhc/happy-hogan,Happy Hogan,smhc,danger-sense,unsupported,,,,watchful-eye
smhc/happy-hogan,Happy Hogan,smhc,double-striker,unsupported,,,,asset-management
smhc/happy-hogan,Happy Hogan,smhc,striker,unsupported,,,,loyal-friend
smhc/high-tech-spider-man,High Tech Spider-Man,smhc,coordinate,unsupported,,,,friendly-neighborhood
smhc/high-tech-spider-man,High Tech Spider-Man,smhc,danger-sense,unsupported,,,,recon-drone-connection
smhc/high-tech-spider-man,High Tech Spider-Man,smhc,draw,executable,WP-022,D-2201,packages/game-engine/src/hero/heroEffects.execute.ts#draw,advanced-targeting-system
smhc/high-tech-spider-man,High Tech Spider-Man,smhc,reveal,executable,WP-253,D-24024,packages/game-engine/src/hero/heroEffects.execute.ts#reveal,advanced-targeting-system
smhc/high-tech-spider-man,High Tech Spider-Man,smhc,wall-crawl,executable,WP-273,D-24049,packages/game-engine/src/moves/recruitHero.ts,friendly-neighborhood|recon-drone-connection|spider-grip
smhc/peter-parker-homecoming,"Peter Parker, Homecoming",smhc,coordinate,unsupported,,,,something-is-happening
smhc/peter-parker-homecoming,"Peter Parker, Homecoming",smhc,danger-sense,unsupported,,,,avenger-in-training|heightened-senses|homemade-web-shooters|something-is-happening
smhc/peter-parker-homecoming,"Peter Parker, Homecoming",smhc,reveal,executable,WP-253,D-24024,packages/game-engine/src/hero/heroEffects.execute.ts#reveal,heightened-senses
smhc/peter-parker-homecoming,"Peter Parker, Homecoming",smhc,wall-crawl,executable,WP-273,D-24049,packages/game-engine/src/moves/recruitHero.ts,avenger-in-training|homemade-web-shooters|something-is-happening
smhc/peters-allies,Peter's Allies,smhc,coordinate,unsupported,,,,liz|may-parker|ned
smhc/tony-stark,Tony Stark,smhc,coordinate,unsupported,,,,as-usual-i-did-all-the-work|genius-billionaire|stay-out-of-trouble
smhc/tony-stark,Tony Stark,smhc,danger-sense,unsupported,,,,little-grey-area|stay-out-of-trouble
ssw1/apocalyptic-kitty-pryde,Apocalyptic Kitty Pryde,ssw1,(unmarked),unmarked,,,,
ssw1/black-bolt,Black Bolt,ssw1,(unmarked),unmarked,,,,
ssw1/black-panther,Black Panther,ssw1,draw,executable,WP-022,D-2201,packages/game-engine/src/hero/heroEffects.execute.ts#draw,catlike-reflexes
ssw1/captain-marvel,Captain Marvel,ssw1,draw,executable,WP-022,D-2201,packages/game-engine/src/hero/heroEffects.execute.ts#draw,supersonic-flight
ssw1/dr-strange,Dr. Strange,ssw1,teleport,unsupported,,,,cloak-of-levitation|sorcerer-supreme
ssw1/lady-thor,Lady Thor,ssw1,(unmarked),unmarked,,,,
ssw1/magik,Magik,ssw1,teleport,unsupported,,,,dimensional-portal|travel-through-limbo|wield-the-soulsword
ssw1/maximus,Maximus,ssw1,(unmarked),unmarked,,,,
ssw1/namor-the-sub-mariner,"Namor, the Sub-Mariner",ssw1,(unmarked),unmarked,,,,
ssw1/old-man-logan,Old Man Logan,ssw1,cross-dimensional-rampage,unsupported,,,,rage-out
ssw1/proxima-midnight,Proxima Midnight,ssw1,(unmarked),unmarked,,,,
ssw1/superior-iron-man,Superior Iron Man,ssw1,draw,executable,WP-022,D-2201,packages/game-engine/src/hero/heroEffects.execute.ts#draw,optimized-technology
ssw1/thanos,Thanos,ssw1,teleport,unsupported,,,,transdimensional-overlord
ssw1/ultimate-spider-man,Ultimate Spider-Man,ssw1,reveal,executable,WP-253,D-24024,packages/game-engine/src/hero/heroEffects.execute.ts#reveal,leaping-spider|marvel-team-up|web-slinger
ssw2/agent-venom,Agent Venom,ssw2,patrol,unsupported,,,,big-slimeportunity|government-payroll
ssw2/agent-venom,Agent Venom,ssw2,spectrum,condition,,,,multi-gun
ssw2/agent-venom,Agent Venom,ssw2,wall-crawl,executable,WP-273,D-24049,packages/game-engine/src/moves/recruitHero.ts,big-slimeportunity|government-payroll|shapeshifting-symbiote
ssw2/arkon-the-magnificent,Arkon the Magnificent,ssw2,draw,executable,WP-022,D-2201,packages/game-engine/src/hero/heroEffects.execute.ts#draw,quiver-of-thunderbolts
ssw2/arkon-the-magnificent,Arkon the Magnificent,ssw2,patrol,unsupported,,,,all-terrain-barbarian|lord-of-dragons|warlord-of-open-spaces
ssw2/arkon-the-magnificent,Arkon the Magnificent,ssw2,spectrum,condition,,,,quiver-of-thunderbolts
ssw2/arkon-the-magnificent,Arkon the Magnificent,ssw2,wall-crawl,executable,WP-273,D-24049,packages/game-engine/src/moves/recruitHero.ts,all-terrain-barbarian
ssw2/beast,Beast,ssw2,patrol,unsupported,,,,upside-down-thinking
ssw2/beast,Beast,ssw2,wall-crawl,executable,WP-273,D-24049,packages/game-engine/src/moves/recruitHero.ts,upside-down-thinking
ssw2/black-swan,Black Swan,ssw2,(unmarked),unmarked,,,,
ssw2/captain-britain,Captain Britain,ssw2,patrol,unsupported,,,,raise-the-union-jack
ssw2/captain-and-the-devil-the,"Captain and the Devil, The",ssw2,patrol,unsupported,,,,feeding-grounds
ssw2/captain-and-the-devil-the,"Captain and the Devil, The",ssw2,spectrum,condition,,,,jurassic-america|patriotic-chomp
ssw2/corvus-glaive,Corvus Glaive,ssw2,patrol,unsupported,,,,let-none-escape-you
ssw2/dr-punisher-soldier-supreme,"Dr. Punisher, Soldier Supreme",ssw2,patrol,unsupported,,,,calm-before-the-storm|sweep-the-streets-of-trash
ssw2/dr-punisher-soldier-supreme,"Dr. Punisher, Soldier Supreme",ssw2,reveal-ko-attack,executable,WP-253,D-24024,packages/game-engine/src/hero/heroEffects.execute.ts#reveal-ko-attack,youre-a-slow-learner
ssw2/elsa-bloodstone,Elsa Bloodstone,ssw2,patrol,unsupported,,,,monster-hunter
ssw2/elsa-bloodstone,Elsa Bloodstone,ssw2,spectrum,condition,,,,bloodstone-pendant|prodigy-of-ulysses-bloodstone
ssw2/elsa-bloodstone,Elsa Bloodstone,ssw2,wall-crawl,executable,WP-273,D-24049,packages/game-engine/src/moves/recruitHero.ts,defend-the-shield-wall
ssw2/phoenix-force-cyclops,Phoenix Force Cyclops,ssw2,(unmarked),unmarked,,,,
ssw2/ruby-summers,Ruby Summers,ssw2,discard-to-play,executable,WP-383,D-24184,packages/game-engine/src/hero/heroEffects.execute.ts#discard-to-play,heir-to-legends
ssw2/ruby-summers,Ruby Summers,ssw2,teleport,unsupported,,,,guerrilla-warfare
ssw2/shang-chi,Shang-Chi,ssw2,patrol,unsupported,,,,acrobatic-kung-fu|seek-the-empty-mind
ssw2/shang-chi,Shang-Chi,ssw2,wall-crawl,executable,WP-273,D-24049,packages/game-engine/src/moves/recruitHero.ts,acrobatic-kung-fu|muscle-memory
ssw2/silk,Silk,ssw2,draw,executable,WP-022,D-2201,packages/game-engine/src/hero/heroEffects.execute.ts#draw,cascading-maneuver
ssw2/silk,Silk,ssw2,reveal,executable,WP-253,D-24024,packages/game-engine/src/hero/heroEffects.execute.ts#reveal,long-range-spider-sense
ssw2/silk,Silk,ssw2,reveal-ko-or-draw,executable,WP-253,D-24024,packages/game-engine/src/hero/heroEffects.execute.ts#reveal-ko-or-draw,silk-stalking
ssw2/silk,Silk,ssw2,reveal-multi-take,unsupported,,,,borrowed-cloaking-device
ssw2/silk,Silk,ssw2,spectrum,condition,,,,borrowed-cloaking-device|cascading-maneuver|long-range-spider-sense
ssw2/silk,Silk,ssw2,wall-crawl,executable,WP-273,D-24049,packages/game-engine/src/moves/recruitHero.ts,borrowed-cloaking-device|cascading-maneuver
ssw2/soulsword-colossus,Soulsword Colossus,ssw2,cross-dimensional-rampage,unsupported,,,,possessed-by-the-soulsword
ssw2/spider-gwen,Spider-Gwen,ssw2,patrol,unsupported,,,,fateful-bridge|first-adventure|save-the-day
ssw2/spider-gwen,Spider-Gwen,ssw2,wall-crawl,executable,WP-273,D-24049,packages/game-engine/src/moves/recruitHero.ts,first-adventure|intertwining-webs
ssw2/time-traveling-jean-grey,Time-Traveling Jean Grey,ssw2,patrol,unsupported,,,,bridge-to-a-better-future|change-history
vill/bullseye,Bullseye,vill,dodge,executable,WP-275,D-24051,packages/game-engine/src/moves/dodgeCard.ts,fulfill-the-contract
vill/bullseye,Bullseye,vill,draw,executable,WP-022,D-2201,packages/game-engine/src/hero/heroEffects.execute.ts#draw,everythings-a-weapon
vill/dr-octopus,Dr. Octopus,vill,draw,executable,WP-022,D-2201,packages/game-engine/src/hero/heroEffects.execute.ts#draw,crazed-experiments
vill/electro,Electro,vill,dodge,executable,WP-275,D-24051,packages/game-engine/src/moves/dodgeCard.ts,electroshock-therapy|shocking-robbery
vill/enchantress,Enchantress,vill,draw,executable,WP-022,D-2201,packages/game-engine/src/hero/heroEffects.execute.ts#draw,unending-anguish
vill/green-goblin,Green Goblin,vill,dodge,executable,WP-275,D-24051,packages/game-engine/src/moves/dodgeCard.ts,goblin-glider|pumpkin-bombs|unstable-kidnapper
vill/juggernaut,Juggernaut,vill,discard-to-play,executable,WP-383,D-24184,packages/game-engine/src/hero/heroEffects.execute.ts#discard-to-play,runaway-train
vill/kingpin,Kingpin,vill,(unmarked),unmarked,,,,
vill/kraven,Kraven,vill,dodge,executable,WP-275,D-24051,packages/game-engine/src/moves/dodgeCard.ts,ceaseless-tracker
vill/loki,Loki,vill,(unmarked),unmarked,,,,
vill/magneto,Magneto,vill,dodge,executable,WP-275,D-24051,packages/game-engine/src/moves/dodgeCard.ts,magnetic-levitation|mutants-will-rule
vill/mysterio,Mysterio,vill,dodge,executable,WP-275,D-24051,packages/game-engine/src/moves/dodgeCard.ts,psychedelic-mist
vill/mystique,Mystique,vill,dodge,executable,WP-275,D-24051,packages/game-engine/src/moves/dodgeCard.ts,show-your-true-colors
vill/sabretooth,Sabretooth,vill,(unmarked),unmarked,,,,
vill/ultron,Ultron,vill,dodge,executable,WP-275,D-24051,packages/game-engine/src/moves/dodgeCard.ts,army-of-ultrons|encephalo-ray
vill/venom,Venom,vill,(unmarked),unmarked,,,,
vnom/carnage,Carnage,vnom,digest,unsupported,,,,carnivore
vnom/carnage,Carnage,vnom,excessive-violence,unsupported,,,,feast-or-famine|gruesome-feast|rending-claws
vnom/carnage,Carnage,vnom,indigestion,unsupported,,,,carnivore
vnom/venom,Venom,vnom,digest,unsupported,,,,devouring-drool|insatiable-hunger
vnom/venom,Venom,vnom,excessive-violence,unsupported,,,,razor-teeth
vnom/venom,Venom,vnom,indigestion,unsupported,,,,devouring-drool|insatiable-hunger
vnom/venom-rocket,Venom Rocket,vnom,digest,unsupported,,,,hungry-for-action
vnom/venom-rocket,Venom Rocket,vnom,excessive-violence,unsupported,,,,serious-overkill
vnom/venomized-dr-strange,Venomized Dr. Strange,vnom,digest,unsupported,,,,cauldron-of-the-cosmos
vnom/venompool,Venompool,vnom,digest,unsupported,,,,digest-that-chimichanga|play-to-the-crowd
vnom/venompool,Venompool,vnom,excessive-violence,unsupported,,,,can-i-get-a-little-gratitude
vnom/venompool,Venompool,vnom,indigestion,unsupported,,,,digest-that-chimichanga|play-to-the-crowd
wpnx/fantomex,Fantomex,wpnx,weapon-x-sequence,unsupported,,,,misdirection|sentient-bullets|three-brains|weapon-xiii
wpnx/marrow,Marrow,wpnx,berserk,executable,WP-256,D-24031,packages/game-engine/src/hero/effectPrimitive.interpret.ts,bone-shards|hyper-adaptive-skeleton
wpnx/marrow,Marrow,wpnx,weapon-x-sequence,unsupported,,,,metabolic-overdrive
wpnx/weapon-h,Weapon H,wpnx,berserk,executable,WP-256,D-24031,packages/game-engine/src/hero/effectPrimitive.interpret.ts,slice-and-smash|the-future-of-warfare|ultimate-killing-machine
wpnx/weapon-h,Weapon H,wpnx,weapon-x-sequence,unsupported,,,,ultimate-killing-machine
wpnx/weapon-x-wolverine,Weapon X (Wolverine),wpnx,berserk,executable,WP-256,D-24031,packages/game-engine/src/hero/effectPrimitive.interpret.ts,escape-the-weapon-x-lab|raging-regeneration|violent-conditioning
wpnx/weapon-x-wolverine,Weapon X (Wolverine),wpnx,weapon-x-sequence,unsupported,,,,escape-the-weapon-x-lab|infuse-skeleton-with-adamantium
wtif/apocalyptic-black-widow,Apocalyptic Black Widow,wtif,draw,executable,WP-022,D-2201,packages/game-engine/src/hero/heroEffects.execute.ts#draw,plant-hidden-asset|relentless
wtif/apocalyptic-black-widow,Apocalyptic Black Widow,wtif,liberate,unsupported,,,,relentless|the-last-avenger|time-to-save-the-multiverse
wtif/apocalyptic-black-widow,Apocalyptic Black Widow,wtif,what-if,unsupported,,,,the-last-avenger
wtif/captain-carter,Captain Carter,wtif,liberate,unsupported,,,,the-shield-of-britain
wtif/captain-carter,Captain Carter,wtif,what-if,unsupported,,,,super-soldier-serum
wtif/doctor-strange-supreme,Doctor Strange Supreme,wtif,draw,executable,WP-022,D-2201,packages/game-engine/src/hero/heroEffects.execute.ts#draw,to-save-christine
wtif/doctor-strange-supreme,Doctor Strange Supreme,wtif,soulbind,unsupported,,,,seize-infernal-power|stygian-communion|summon-demon-minions|to-save-christine
wtif/doctor-strange-supreme,Doctor Strange Supreme,wtif,what-if,unsupported,,,,wards-of-the-vishanti
wtif/gamora-destroyer-of-thanos,"Gamora, Destroyer of Thanos",wtif,draw,executable,WP-022,D-2201,packages/game-engine/src/hero/heroEffects.execute.ts#draw,assassins-stealth
wtif/gamora-destroyer-of-thanos,"Gamora, Destroyer of Thanos",wtif,soulbind,unsupported,,,,destroy-an-infinity-stone|the-infinity-crusher
wtif/gamora-destroyer-of-thanos,"Gamora, Destroyer of Thanos",wtif,what-if,unsupported,,,,titanicide
wtif/killmonger-spec-ops,"Killmonger, Spec Ops",wtif,liberate,unsupported,,,,hostage-rescue|im-the-king-baby|plot-a-betrayal
wtif/killmonger-spec-ops,"Killmonger, Spec Ops",wtif,what-if,unsupported,,,,hostage-rescue
wtif/party-thor,Party Thor,wtif,cross-dimensional-rampage,unsupported,,,,asgardian-rager
wtif/party-thor,Party Thor,wtif,what-if,unsupported,,,,only-son
wtif/star-lord-tchalla,Star-Lord T'Challa,wtif,empowered,executable,WP-267,D-24044,packages/game-engine/src/hero/effectPrimitive.interpret.ts,colliding-dreams|cross-the-multiverse|fight-or-flight
wtif/star-lord-tchalla,Star-Lord T'Challa,wtif,put-any-number-bottom-hq,executable,,D-24132,packages/game-engine/src/hero/heroEffects.execute.ts#put-any-number-bottom-hq,colliding-dreams
wtif/star-lord-tchalla,Star-Lord T'Challa,wtif,what-if,unsupported,,,,cross-the-multiverse|interstellar-adventures|unexpected-exit
wtif/uatu-the-watcher,"Uatu, The Watcher",wtif,empowered,unsupported,WP-267,D-24044,,anoint-a-champion|convoke-the-guardians
wtif/uatu-the-watcher,"Uatu, The Watcher",wtif,soulbind,unsupported,,,,history-repeats
wtif/uatu-the-watcher,"Uatu, The Watcher",wtif,what-if,unsupported,,,,another-dimension-crumbles|break-the-oath|convoke-the-guardians
wwhk/amadeus-cho,Amadeus Cho,wwhk,draw,executable,WP-022,D-2201,packages/game-engine/src/hero/heroEffects.execute.ts#draw,gamma-draining-nanites
wwhk/amadeus-cho,Amadeus Cho,wwhk,outwit,unsupported,,,,extrapolate|like-totally-smart-hulk|renegade-genius|visualize-the-variables
wwhk/amadeus-cho,Amadeus Cho,wwhk,transform,unsupported,,,,gamma-draining-nanites
wwhk/bruce-banner,Bruce Banner,wwhk,outwit,unsupported,,,,gamma-bomb-disaster|gamma-ray-experiment|solve-the-impossible
wwhk/bruce-banner,Bruce Banner,wwhk,reveal-ko,executable,WP-253,D-24024,packages/game-engine/src/hero/heroEffects.execute.ts#reveal-ko,dangerous-testing
wwhk/bruce-banner,Bruce Banner,wwhk,smash,unsupported,,,,savage-hulk-unleashed
wwhk/bruce-banner,Bruce Banner,wwhk,transform,unsupported,,,,gamma-bomb-disaster
wwhk/caiera,Caiera,wwhk,outwit,unsupported,,,,focus-the-old-power|shadow-queen
wwhk/caiera,Caiera,wwhk,smash,unsupported,,,,shadowforged-blade
wwhk/caiera,Caiera,wwhk,transform,unsupported,,,,dutiful-protector
wwhk/gladiator-hulk,Gladiator Hulk,wwhk,cross-dimensional-rampage,unsupported,,,,the-green-scar
wwhk/gladiator-hulk,Gladiator Hulk,wwhk,draw,executable,WP-022,D-2201,packages/game-engine/src/hero/heroEffects.execute.ts#draw,dont-make-me-angry
wwhk/gladiator-hulk,Gladiator Hulk,wwhk,smash,unsupported,,,,dont-make-me-angry|double-fisted-smashing|seize-the-throne
wwhk/gladiator-hulk,Gladiator Hulk,wwhk,transform,unsupported,,,,seize-the-throne
wwhk/gladiator-hulk,Gladiator Hulk,wwhk,wounded-fury,unsupported,,,,the-green-scar
wwhk/hiroim,Hiroim,wwhk,draw,executable,WP-022,D-2201,packages/game-engine/src/hero/heroEffects.execute.ts#draw,save-from-the-rubble
wwhk/hiroim,Hiroim,wwhk,transform,unsupported,,,,save-from-the-rubble
wwhk/hulkbuster-iron-man,Hulkbuster Iron Man,wwhk,draw,executable,WP-022,D-2201,packages/game-engine/src/hero/heroEffects.execute.ts#draw,pound-for-pound|ultra-massive-armor
wwhk/hulkbuster-iron-man,Hulkbuster Iron Man,wwhk,outwit,unsupported,,,,attune-techtonic-transducer
wwhk/hulkbuster-iron-man,Hulkbuster Iron Man,wwhk,smash,unsupported,,,,attune-techtonic-transducer|ultra-massive-armor
wwhk/hulkbuster-iron-man,Hulkbuster Iron Man,wwhk,transform,unsupported,,,,build-the-suit
wwhk/joe-fixit-grey-hulk,"Joe Fixit, Grey Hulk",wwhk,smash,unsupported,,,,carefully-considered-smashing
wwhk/joe-fixit-grey-hulk,"Joe Fixit, Grey Hulk",wwhk,transform,unsupported,,,,ambitious-enforcer
wwhk/korg,Korg,wwhk,draw,executable,WP-022,D-2201,packages/game-engine/src/hero/heroEffects.execute.ts#draw,lord-of-granite|nothing-beats-rock
wwhk/korg,Korg,wwhk,outwit,unsupported,,,,move-mountains
wwhk/korg,Korg,wwhk,smash,unsupported,,,,lord-of-granite|nothing-beats-rock
wwhk/korg,Korg,wwhk,transform,unsupported,,,,forged-by-fire
wwhk/miek-the-unhived,"Miek, The Unhived",wwhk,feast,unsupported,,,,devouring-frenzy|hive-king-miek|metamorphosis
wwhk/miek-the-unhived,"Miek, The Unhived",wwhk,smash,unsupported,,,,this-bug-smashes-you
wwhk/miek-the-unhived,"Miek, The Unhived",wwhk,transform,unsupported,,,,metamorphosis
wwhk/namora,Namora,wwhk,draw,executable,WP-022,D-2201,packages/game-engine/src/hero/heroEffects.execute.ts#draw,crushing-tsunami
wwhk/namora,Namora,wwhk,smash,unsupported,,,,crushing-tsunami|master-of-depths
wwhk/namora,Namora,wwhk,transform,unsupported,,,,herculean-effort
wwhk/no-name-brood-queen,"No-Name, Brood Queen",wwhk,draw,executable,WP-022,D-2201,packages/game-engine/src/hero/heroEffects.execute.ts#draw,torrent-of-broodlings
wwhk/no-name-brood-queen,"No-Name, Brood Queen",wwhk,feast,unsupported,,,,appetite-for-destruction|bursting-with-life|world-spanning-hunger
wwhk/no-name-brood-queen,"No-Name, Brood Queen",wwhk,transform,unsupported,,,,bursting-with-life
wwhk/rick-jones,Rick Jones,wwhk,reveal-min,executable,WP-253,D-24024,packages/game-engine/src/hero/heroEffects.execute.ts#reveal-min,captain-marvel
wwhk/rick-jones,Rick Jones,wwhk,smash,unsupported,,,,a-bomb
wwhk/rick-jones,Rick Jones,wwhk,transform,unsupported,,,,caught-in-kree-skrull-war|irradiated-blood|seek-the-nega-bands
wwhk/sentry,Sentry,wwhk,feast,unsupported,,,,the-void-unchained
wwhk/sentry,Sentry,wwhk,transform,unsupported,,,,agoraphobia|golden-guardian-of-good|mournful-sentinel|the-void-unchained|vast-unstable-power
wwhk/sentry,Sentry,wwhk,transformed,unsupported,,,,rival-personalities
wwhk/she-hulk,She-Hulk,wwhk,outwit,unsupported,,,,window-of-opportunity
wwhk/she-hulk,She-Hulk,wwhk,smash,unsupported,,,,hurl-trucks
wwhk/she-hulk,She-Hulk,wwhk,transform,unsupported,,,,hurl-legal-objections
wwhk/skaar-son-of-hulk,"Skaar, Son of Hulk",wwhk,smash,unsupported,,,,anger-management
wwhk/skaar-son-of-hulk,"Skaar, Son of Hulk",wwhk,transform,unsupported,,,,mood-swings
wwhk/skaar-son-of-hulk,"Skaar, Son of Hulk",wwhk,wounded-fury,unsupported,,,,planetary-level-revenge|raging-savage|scarred-past
xmen/aurora-northstar,Aurora & Northstar,xmen,berserk,executable,WP-256,D-24031,packages/game-engine/src/hero/effectPrimitive.interpret.ts,blazing-fists
xmen/aurora-northstar,Aurora & Northstar,xmen,lightshow,unsupported,,,,blazing-flare|mach-10|northern-lights|twin-blast
xmen/aurora-northstar,Aurora & Northstar,xmen,soaring-flight,unsupported,,,,mach-10|northern-lights|twin-blast
xmen/banshee,Banshee,xmen,draw,executable,WP-022,D-2201,packages/game-engine/src/hero/heroEffects.execute.ts#draw,sonar-detection
xmen/banshee,Banshee,xmen,piercing-energy,unsupported,,,,bone-shattering-howl|sonar-detection|sonic-blastwave|speed-of-sound
xmen/banshee,Banshee,xmen,soaring-flight,unsupported,,,,speed-of-sound
xmen/banshee,Banshee,xmen,x-gene,unsupported,,,,sonar-detection
xmen/beast,Beast,xmen,berserk,executable,WP-256,D-24031,packages/game-engine/src/hero/effectPrimitive.interpret.ts,calculated-rage|furry-fury|recursive-pummeling
xmen/beast,Beast,xmen,x-gene,unsupported,,,,captivating-conundrum|furry-fury|recursive-pummeling
xmen/cannonball,Cannonball,xmen,soaring-flight,unsupported,,,,carry-to-the-air|human-cannon|kinetic-blast-field|natural-leader
xmen/colossus-wolverine,Colossus & Wolverine,xmen,berserk,executable,WP-256,D-24031,packages/game-engine/src/hero/effectPrimitive.interpret.ts,fastball-special|insane-disregard-for-danger|uncanny-x-men|unpredictable
xmen/colossus-wolverine,Colossus & Wolverine,xmen,soaring-flight,unsupported,,,,fastball-special
xmen/colossus-wolverine,Colossus & Wolverine,xmen,x-gene,unsupported,,,,fastball-special
xmen/dazzler,Dazzler,xmen,lightshow,unsupported,,,,citywide-mega-concert|convert-sound-to-light|dazzling-glamour|inspire-the-world
xmen/dazzler,Dazzler,xmen,piercing-energy,unsupported,,,,convert-sound-to-light
xmen/havok,Havok,xmen,berserk,executable,WP-256,D-24031,packages/game-engine/src/hero/effectPrimitive.interpret.ts,radiation-focus-array|unleash-havok
xmen/havok,Havok,xmen,discard-to-play,executable,WP-383,D-24184,packages/game-engine/src/hero/heroEffects.execute.ts#discard-to-play,unleash-havok
xmen/havok,Havok,xmen,lightshow,unsupported,,,,blinding-burst
xmen/havok,Havok,xmen,x-gene,unsupported,,,,concussive-plasma|radiation-focus-array
xmen/jubilee,Jubilee,xmen,draw,executable,WP-022,D-2201,packages/game-engine/src/hero/heroEffects.execute.ts#draw,blasting-fireworks|light-a-spark
xmen/jubilee,Jubilee,xmen,lightshow,unsupported,,,,blasting-fireworks|light-a-spark|prismatic-cascade|unexpected-explosion
xmen/kitty-pryde,Kitty Pryde,xmen,put-bottom-hq-icon-reward,executable,,D-24133,packages/game-engine/src/hero/heroEffects.execute.ts#put-bottom-hq-icon-reward,intangible-qualities
xmen/kitty-pryde,Kitty Pryde,xmen,soaring-flight,unsupported,,,,lockheed-kittys-dragon
xmen/kitty-pryde,Kitty Pryde,xmen,x-gene,unsupported,,,,going-through-a-phase
xmen/legion,Legion,xmen,berserk,executable,WP-256,D-24031,packages/game-engine/src/hero/effectPrimitive.interpret.ts,bend-steel
xmen/legion,Legion,xmen,draw,executable,WP-022,D-2201,packages/game-engine/src/hero/heroEffects.execute.ts#draw,channel-time
xmen/legion,Legion,xmen,lightshow,unsupported,,,,bend-light
xmen/legion,Legion,xmen,piercing-energy,unsupported,,,,split-eardrums
xmen/legion,Legion,xmen,soaring-flight,unsupported,,,,maelstrom-of-clashing-powers
xmen/longshot,Longshot,xmen,berserk,executable,WP-256,D-24031,packages/game-engine/src/hero/effectPrimitive.interpret.ts,flurry-of-blades
xmen/phoenix,Phoenix,xmen,berserk,executable,WP-256,D-24031,packages/game-engine/src/hero/effectPrimitive.interpret.ts,driven-mad-by-power
xmen/phoenix,Phoenix,xmen,draw,executable,WP-022,D-2201,packages/game-engine/src/hero/heroEffects.execute.ts#draw,reincarnating-phoenix
xmen/phoenix,Phoenix,xmen,piercing-energy,unsupported,,,,obliterating-fire
xmen/phoenix,Phoenix,xmen,soaring-flight,unsupported,,,,obliterating-fire
xmen/polaris,Polaris,xmen,draw,executable,WP-022,D-2201,packages/game-engine/src/hero/heroEffects.execute.ts#draw,electromagnetic-pulse
xmen/polaris,Polaris,xmen,piercing-energy,unsupported,,,,electromagnetic-pulse
xmen/polaris,Polaris,xmen,soaring-flight,unsupported,,,,reverse-polarity|ride-the-magnetic-waves|subtle-attunement
xmen/polaris,Polaris,xmen,x-gene,unsupported,,,,reverse-polarity
xmen/psylocke,Psylocke,xmen,draw,executable,WP-022,D-2201,packages/game-engine/src/hero/heroEffects.execute.ts#draw,psychic-knife
xmen/psylocke,Psylocke,xmen,piercing-energy,unsupported,,,,butterfly-effect|psychic-knife|telepathic-ninjutsu
xmen/psylocke,Psylocke,xmen,x-gene,unsupported,,,,butterfly-effect
xmen/x-23,X-23,xmen,berserk,executable,WP-256,D-24031,packages/game-engine/src/hero/effectPrimitive.interpret.ts,bioengineered-assassin|healing-factor-genome|heir-to-wolverine
xmen/x-23,X-23,xmen,x-gene,unsupported,,,,adamantium-foot-claws|bioengineered-assassin|heir-to-wolverine
