ext_id,card_name,set,card_type,mechanic,status,wp,decision,handler
2099-villain-alchemax-enforcers-cyber-nostra,Cyber-Nostra,2099,villain,heroDeckTopToEscape,executable,WP-185,,packages/game-engine/src/villain/villainEffects.execute.ts#hero-deck-top-to-escape
2099-villain-false-aesir-of-alchemax-heimdall-2099,Heimdall 2099,2099,villain,captureBystander,executable,WP-185,D-18506,packages/game-engine/src/villain/villainEffects.execute.ts#capture-bystander
2099-villain-false-aesir-of-alchemax-hela-2099,Hela 2099,2099,villain,(unmarked),unmarked,,,
2099-villain-alchemax-enforcers-jigsaw-2099,Jigsaw 2099,2099,villain,heroDeckTopToEscape,executable,WP-185,,packages/game-engine/src/villain/villainEffects.execute.ts#hero-deck-top-to-escape
2099-villain-false-aesir-of-alchemax-loki-2099,Loki 2099,2099,villain,(unmarked),unmarked,,,
2099-villain-false-aesir-of-alchemax-thor-2099,Thor 2099,2099,villain,(unmarked),unmarked,,,
2099-villain-alchemax-enforcers-venture,Venture,2099,villain,(unmarked),unmarked,,,
2099-villain-alchemax-enforcers-whackoid,Whackoid,2099,villain,(unmarked),unmarked,,,
henchman-circus-of-crime,Circus of Crime,3dtc,henchman,(unmarked),unmarked,,,
henchman-spider-slayer,Spider-Slayer,3dtc,henchman,(unmarked),unmarked,,,
amwp-villain-ghost-chasers-anitolov,Anitolov,amwp,villain,(unmarked),unmarked,,,
amwp-villain-quantum-realm-axiam-maitre-d,Axiam Maitre D',amwp,villain,(unmarked),unmarked,,,
amwp-villain-quantum-realm-axian-bartender,Axian Bartender,amwp,villain,(unmarked),unmarked,,,
amwp-villain-armada-of-kang-build-a-conquering-army,Build a Conquering Army,amwp,villain,(unmarked),unmarked,,,
amwp-villain-armada-of-kang-city-defense-system,City Defense System,amwp,villain,(unmarked),unmarked,,,
amwp-villain-ghost-chasers-corrupted-government-agents,Corrupted Government Agents,amwp,villain,(unmarked),unmarked,,,
amwp-villain-cross-technologies-cross-security-detail,Cross' Security Detail,amwp,villain,koHeroCurrentPlayer,executable,WP-185,,packages/game-engine/src/villain/villainEffects.execute.ts#ko-hero
amwp-villain-ghost-chasers-dr-bill-foster,Dr. Bill Foster,amwp,villain,(unmarked),unmarked,,,
amwp-villain-armada-of-kang-energy-shield,Energy Shield,amwp,villain,(unmarked),unmarked,,,
amwp-villain-ghost-chasers-goliath,Goliath,amwp,villain,(unmarked),unmarked,,,
amwp-villain-ghost-chasers-high-speed-car-chase,High-Speed Car Chase,amwp,villain,(unmarked),unmarked,,,
amwp-villain-quantum-realm-hungering-energy,Hungering Energy,amwp,villain,koHeroCurrentPlayer,executable,WP-185,,packages/game-engine/src/villain/villainEffects.execute.ts#ko-hero
amwp-villain-cross-technologies-hydra-arms-dealer,Hydra Arms Dealer,amwp,villain,(unmarked),unmarked,,,
amwp-villain-quantum-realm-lord-krylars-appetizer,Lord Krylar's Appetizer,amwp,villain,(unmarked),unmarked,,,
amwp-villain-quantum-realm-lord-krylars-valet,Lord Krylar's Valet,amwp,villain,(unmarked),unmarked,,,
amwp-villain-armada-of-kang-lord-krylars-yacht,Lord Krylar's Yacht,amwp,villain,(unmarked),unmarked,,,
amwp-villain-armada-of-kang-m-o-d-o-k,M.O.D.O.K.,amwp,villain,koHeroEachPlayer,executable,WP-189,D-18901,packages/game-engine/src/villain/villainEffects.execute.ts#ko-hero
amwp-villain-armada-of-kang-pursuit-craft,Pursuit Craft,amwp,villain,(unmarked),unmarked,,,
henchman-quantum-hound,Quantum Hound,amwp,henchman,(unmarked),unmarked,,,
amwp-villain-quantum-realm-quantumania,Quantumania,amwp,villain,(unmarked),unmarked,,,
amwp-villain-armada-of-kang-quantumnaut-elite,Quantumnaut Elite,amwp,villain,(unmarked),unmarked,,,
henchman-quantumnauts,Quantumnauts,amwp,henchman,koHeroCurrentPlayer,executable,WP-185,,packages/game-engine/src/villain/villainEffects.execute.ts#ko-hero
amwp-villain-quantum-realm-quantumoeba,Quantumoeba,amwp,villain,(unmarked),unmarked,,,
amwp-villain-cross-technologies-shrinksperiments,Shrinksperiments,amwp,villain,(unmarked),unmarked,,,
amwp-villain-quantum-realm-sky-manta,Sky Manta,amwp,villain,(unmarked),unmarked,,,
amwp-villain-ghost-chasers-sonny-burch,Sonny Burch,amwp,villain,(unmarked),unmarked,,,
amwp-villain-ghost-chasers-sonny-burchs-goons,Sonny Burch's Goons,amwp,villain,(unmarked),unmarked,,,
amwp-villain-cross-technologies-take-over-pym-technologies,Take Over Pym Technologies,amwp,villain,(unmarked),unmarked,,,
amwp-villain-armada-of-kang-troop-ships-of-kang,Troop Ships of Kang,amwp,villain,(unmarked),unmarked,,,
amwp-villain-ghost-chasers-uzman-with-truth-serum,"Uzman, with Truth Serum",amwp,villain,(unmarked),unmarked,,,
amwp-villain-cross-technologies-yellowjacket-prototype,Yellowjacket Prototype,amwp,villain,(unmarked),unmarked,,,
anni-villain-annihilation-wave-annihilation-armada,Annihilation Armada,anni,villain,(unmarked),unmarked,,,
anni-villain-timelines-of-kang-immortus,Immortus,anni,villain,(unmarked),unmarked,,,
anni-villain-timelines-of-kang-iron-lad,Iron Lad,anni,villain,(unmarked),unmarked,,,
anni-villain-timelines-of-kang-pharaoh-rama-tut,Pharaoh Rama-Tut,anni,villain,(unmarked),unmarked,,,
anni-villain-annihilation-wave-queens-of-annihilation,Queens of Annihilation,anni,villain,koHeroCurrentPlayer,executable,WP-185,,packages/game-engine/src/villain/villainEffects.execute.ts#ko-hero
anni-villain-annihilation-wave-ravenous,Ravenous,anni,villain,(unmarked),unmarked,,,
anni-villain-timelines-of-kang-scarlet-centurion,Scarlet Centurion,anni,villain,(unmarked),unmarked,,,
anni-villain-annihilation-wave-weaponized-galactus,Weaponized Galactus,anni,villain,(unmarked),unmarked,,,
antm-villain-ultrons-legacy-alkhema,Alkhema,antm,villain,(unmarked),unmarked,,,
antm-villain-queens-vengeance-blackbird,Blackbird,antm,villain,koHeroCurrentPlayer,executable,WP-185,,packages/game-engine/src/villain/villainEffects.execute.ts#ko-hero
antm-villain-ultrons-legacy-brutish-ultron-14,Brutish Ultron-14,antm,villain,(unmarked),unmarked,,,
antm-villain-ultrons-legacy-crimson-cowl,Crimson Cowl,antm,villain,captureBystander,executable,WP-185,D-18506,packages/game-engine/src/villain/villainEffects.execute.ts#capture-bystander
antm-villain-queens-vengeance-daystar,Daystar,antm,villain,(unmarked),unmarked,,,
antm-villain-ultrons-legacy-future-ultron-prime,Future Ultron Prime,antm,villain,(unmarked),unmarked,,,
antm-villain-queens-vengeance-gigantus,Gigantus,antm,villain,koHeroCurrentPlayer,executable,WP-185,,packages/game-engine/src/villain/villainEffects.execute.ts#ko-hero
antm-villain-queens-vengeance-iron-knight,Iron Knight,antm,villain,(unmarked),unmarked,,,
antm-villain-ultrons-legacy-legions-of-ultron,Legions of Ultron,antm,villain,(unmarked),unmarked,,,
antm-villain-queens-vengeance-mordred-the-evil,Mordred the Evil,antm,villain,(unmarked),unmarked,,,
antm-villain-ultrons-legacy-original-ultron-1,Original Ultron-1,antm,villain,koHeroCurrentPlayer,executable,WP-185,,packages/game-engine/src/villain/villainEffects.execute.ts#ko-hero
antm-villain-queens-vengeance-pixie,Pixie,antm,villain,(unmarked),unmarked,,,
antm-villain-queens-vengeance-star-knight,Star-Knight,antm,villain,(unmarked),unmarked,,,
antm-villain-ultrons-legacy-ultron-roboticks,Ultron Roboticks,antm,villain,koHeroCurrentPlayer,executable,WP-185,,packages/game-engine/src/villain/villainEffects.execute.ts#ko-hero
antm-villain-ultrons-legacy-ultron-pym,Ultron-Pym,antm,villain,(unmarked),unmarked,,,
antm-villain-queens-vengeance-yeoman-america,Yeoman America,antm,villain,(unmarked),unmarked,,,
asrd-villain-dark-council-jarnbjorn-first-axe-of-thor,"Jarnbjorn, First Axe of Thor",asrd,villain,(unmarked),unmarked,,,
asrd-villain-omens-of-ragnarok-jormungand-the-world-serpent,"Jormungand, The World-Serpent",asrd,villain,(unmarked),unmarked,,,
asrd-villain-dark-council-laufey-father-of-loki,"Laufey, Father Of Loki",asrd,villain,(unmarked),unmarked,,,
asrd-villain-dark-council-sindr-fire-giant-queen,"Sindr, Fire Giant Queen",asrd,villain,(unmarked),unmarked,,,
asrd-villain-omens-of-ragnarok-skurge-the-executioner,"Skurge, The Executioner",asrd,villain,koHeroCurrentPlayer,executable,WP-185,,packages/game-engine/src/villain/villainEffects.execute.ts#ko-hero
asrd-villain-omens-of-ragnarok-surtur-fire-giant-king,"Surtur, Fire Giant King",asrd,villain,(unmarked),unmarked,,,
asrd-villain-dark-council-the-casket-of-ancient-winters,The Casket of Ancient Winters,asrd,villain,(unmarked),unmarked,,,
asrd-villain-omens-of-ragnarok-the-eternal-flame,The Eternal Flame,asrd,villain,(unmarked),unmarked,,,
asrd-villain-omens-of-ragnarok-the-fenris-wolf,The Fenris Wolf,asrd,villain,(unmarked),unmarked,,,
asrd-villain-omens-of-ragnarok-the-hel-crown,The Hel-Crown,asrd,villain,(unmarked),unmarked,,,
asrd-villain-dark-council-the-mangog,The Mangog,asrd,villain,(unmarked),unmarked,,,
asrd-villain-dark-council-ulik-the-troll,"Ulik, The Troll",asrd,villain,koHeroCurrentPlayer,executable,WP-185,,packages/game-engine/src/villain/villainEffects.execute.ts#ko-hero
bkpt-villain-killmongers-league-baron-macabre,Baron Macabre,bkpt,villain,(unmarked),unmarked,,,
bkpt-villain-enemies-of-wakanda-jakarra,Jakarra,bkpt,villain,koHeroCurrentPlayer,executable,WP-185,,packages/game-engine/src/villain/villainEffects.execute.ts#ko-hero
bkpt-villain-killmongers-league-malice,Malice,bkpt,villain,(unmarked),unmarked,,,
bkpt-villain-enemies-of-wakanda-nightshade,Nightshade,bkpt,villain,(unmarked),unmarked,,,
bkpt-villain-killmongers-league-preyy,Preyy,bkpt,villain,(unmarked),unmarked,,,
bkpt-villain-enemies-of-wakanda-reverend-achebe,Reverend Achebe,bkpt,villain,(unmarked),unmarked,,,
bkpt-villain-enemies-of-wakanda-tetu,Tetu,bkpt,villain,(unmarked),unmarked,,,
bkpt-villain-killmongers-league-venomm,Venomm,bkpt,villain,(unmarked),unmarked,,,
bkpt-villain-enemies-of-wakanda-zenzi,Zenzi,bkpt,villain,(unmarked),unmarked,,,
bkwd-villain-elite-assassins-black-lotus,Black Lotus,bkwd,villain,(unmarked),unmarked,,,
bkwd-villain-elite-assassins-blue-talon,Blue Talon,bkwd,villain,(unmarked),unmarked,,,
bkwd-villain-taskmasters-thunderbolts-bullseye,Bullseye,bkwd,villain,(unmarked),unmarked,,,
bkwd-villain-elite-assassins-iron-maiden,Iron Maiden,bkwd,villain,(unmarked),unmarked,,,
bkwd-villain-taskmasters-thunderbolts-jack-olantern,Jack O'Lantern,bkwd,villain,(unmarked),unmarked,,,
bkwd-villain-taskmasters-thunderbolts-jester,Jester,bkwd,villain,captureBystander,executable,WP-185,D-18506,packages/game-engine/src/villain/villainEffects.execute.ts#capture-bystander
bkwd-villain-taskmasters-thunderbolts-joystick,Joystick,bkwd,villain,(unmarked),unmarked,,,
bkwd-villain-elite-assassins-snapdragon,Snapdragon,bkwd,villain,(unmarked),unmarked,,,
ca75-villain-masters-of-evil-wwii-black-knight,Black Knight,ca75,villain,captureBystander,executable,WP-185,D-18506,packages/game-engine/src/villain/villainEffects.execute.ts#capture-bystander
ca75-villain-zolas-creations-captain-zolandia,Captain Zolandia,ca75,villain,(unmarked),unmarked,,,
ca75-villain-zolas-creations-doughboy,Doughboy,ca75,villain,koHeroCurrentPlayer,executable,WP-185,,packages/game-engine/src/villain/villainEffects.execute.ts#ko-hero
ca75-villain-masters-of-evil-wwii-executioner,Executioner,ca75,villain,captureBystander,executable,WP-185,D-18506,packages/game-engine/src/villain/villainEffects.execute.ts#capture-bystander
ca75-villain-zolas-creations-man-fish,Man-Fish,ca75,villain,gainWoundEachPlayer,executable,WP-185,,packages/game-engine/src/villain/villainEffects.execute.ts#gain-wound
ca75-villain-masters-of-evil-wwii-melter-wwii,Melter (WWII),ca75,villain,captureBystander,executable,WP-185,D-18506,packages/game-engine/src/villain/villainEffects.execute.ts#capture-bystander
ca75-villain-zolas-creations-primus,Primus,ca75,villain,(unmarked),unmarked,,,
ca75-villain-masters-of-evil-wwii-radioactive-man,Radioactive Man,ca75,villain,captureBystander,executable,WP-185,D-18506,packages/game-engine/src/villain/villainEffects.execute.ts#capture-bystander
chmp-villain-wrecking-crew-bulldozer,Bulldozer,chmp,villain,(unmarked),unmarked,,,
chmp-villain-monsters-unleashed-goom,Goom,chmp,villain,captureBystander,executable,WP-185,D-18506,packages/game-engine/src/villain/villainEffects.execute.ts#capture-bystander
chmp-villain-monsters-unleashed-goom,Goom,chmp,villain,koHeroCurrentPlayer,executable,WP-185,,packages/game-engine/src/villain/villainEffects.execute.ts#ko-hero
chmp-villain-monsters-unleashed-groot-from-planet-x,Groot from Planet X,chmp,villain,(unmarked),unmarked,,,
chmp-villain-monsters-unleashed-monsteroso,Monsteroso,chmp,villain,(unmarked),unmarked,,,
chmp-villain-monsters-unleashed-orrgo,Orrgo,chmp,villain,(unmarked),unmarked,,,
chmp-villain-wrecking-crew-piledriver,Piledriver,chmp,villain,koHeroCurrentPlayer,executable,WP-185,,packages/game-engine/src/villain/villainEffects.execute.ts#ko-hero
chmp-villain-monsters-unleashed-sporr,Sporr,chmp,villain,(unmarked),unmarked,,,
chmp-villain-wrecking-crew-the-wrecker,The Wrecker,chmp,villain,(unmarked),unmarked,,,
chmp-villain-wrecking-crew-thunderball,Thunderball,chmp,villain,(unmarked),unmarked,,,
chmp-villain-monsters-unleashed-tim-boo-ba,Tim Boo Ba,chmp,villain,(unmarked),unmarked,,,
chmp-villain-monsters-unleashed-trull-the-unhuman,Trull the Unhuman,chmp,villain,(unmarked),unmarked,,,
chmp-villain-monsters-unleashed-zzutak,Zzutak,chmp,villain,(unmarked),unmarked,,,
core-villain-radiation-abomination,Abomination,core,villain,(unmarked),unmarked,,,
core-villain-masters-of-evil-baron-zemo,Baron Zemo,core,villain,(unmarked),unmarked,,,
core-villain-brotherhood-blob,Blob,core,villain,(unmarked),unmarked,,,
core-villain-enemies-of-asgard-destroyer,Destroyer,core,villain,koHeroEachPlayerMag2,executable,WP-202,D-20201,packages/game-engine/src/villain/villainEffects.execute.ts#ko-hero
core-villain-spider-foes-doctor-octopus,Doctor Octopus,core,villain,(unmarked),unmarked,,,
henchman-doombot-legion,Doombot Legion,core,henchman,(unmarked),unmarked,,,
core-villain-enemies-of-asgard-enchantress,Enchantress,core,villain,(unmarked),unmarked,,,
core-villain-hydra-endless-armies-of-hydra,Endless Armies of HYDRA,core,villain,(unmarked),unmarked,,,
core-villain-enemies-of-asgard-frost-giant,Frost Giant,core,villain,(unmarked),unmarked,,,
core-villain-spider-foes-green-goblin,Green Goblin,core,villain,captureBystander,executable,WP-185,D-18506,packages/game-engine/src/villain/villainEffects.execute.ts#capture-bystander
core-villain-hydra-hydra-kidnappers,HYDRA Kidnappers,core,villain,(unmarked),unmarked,,,
henchman-hand-ninjas,Hand Ninjas,core,henchman,(unmarked),unmarked,,,
core-villain-brotherhood-juggernaut,Juggernaut,core,villain,(unmarked),unmarked,,,
core-villain-radiation-maestro,Maestro,core,villain,(unmarked),unmarked,,,
core-villain-masters-of-evil-melter,Melter,core,villain,(unmarked),unmarked,,,
core-villain-brotherhood-mystique,Mystique,core,villain,(unmarked),unmarked,,,
core-villain-skrulls-paibok-the-power-skrull,Paibok the Power Skrull,core,villain,(unmarked),unmarked,,,
core-villain-brotherhood-sabretooth,Sabretooth,core,villain,(unmarked),unmarked,,,
henchman-savage-land-mutates,Savage Land Mutates,core,henchman,(unmarked),unmarked,,,
henchman-sentinel,Sentinel,core,henchman,koHeroCurrentPlayer,executable,WP-185,,packages/game-engine/src/villain/villainEffects.execute.ts#ko-hero
core-villain-skrulls-skrull-queen-veranke,Skrull Queen Veranke,core,villain,captureHqHeroHighestCost,executable,WP-214,D-21401,packages/game-engine/src/villain/villainEffects.execute.ts#capture-hq-hero
core-villain-skrulls-skrull-shapeshifters,Skrull Shapeshifters,core,villain,captureHqHeroRightmost,executable,WP-214,D-21401,packages/game-engine/src/villain/villainEffects.execute.ts#capture-hq-hero
core-villain-skrulls-super-skrull,Super-Skrull,core,villain,koHeroEachPlayer,executable,WP-189,D-18901,packages/game-engine/src/villain/villainEffects.execute.ts#ko-hero
core-villain-hydra-supreme-hydra,Supreme HYDRA,core,villain,(unmarked),unmarked,,,
core-villain-radiation-the-leader,The Leader,core,villain,(unmarked),unmarked,,,
core-villain-spider-foes-the-lizard,The Lizard,core,villain,(unmarked),unmarked,,,
core-villain-masters-of-evil-ultron,Ultron,core,villain,(unmarked),unmarked,,,
core-villain-spider-foes-venom,Venom,core,villain,gainWoundEachPlayer,executable,WP-185,,packages/game-engine/src/villain/villainEffects.execute.ts#gain-wound
core-villain-hydra-viper,Viper,core,villain,(unmarked),unmarked,,,
core-villain-masters-of-evil-whirlwind,Whirlwind,core,villain,(unmarked),unmarked,,,
core-villain-enemies-of-asgard-ymir-frost-giant-king,"Ymir, Frost Giant King",core,villain,(unmarked),unmarked,,,
core-villain-radiation-zzzax,Zzzax,core,villain,(unmarked),unmarked,,,
cosm-villain-celestials-arishem-the-judge,"Arishem, The Judge",cosm,villain,(unmarked),unmarked,,,
cosm-villain-black-order-of-thanos-black-dwarf,Black Dwarf,cosm,villain,koHeroCurrentPlayer,executable,WP-185,,packages/game-engine/src/villain/villainEffects.execute.ts#ko-hero
cosm-villain-black-order-of-thanos-corvus-glaive,Corvus Glaive,cosm,villain,(unmarked),unmarked,,,
cosm-villain-black-order-of-thanos-ebony-maw,Ebony Maw,cosm,villain,(unmarked),unmarked,,,
cosm-villain-celestials-exitar-the-exterminator,"Exitar, The Exterminator",cosm,villain,(unmarked),unmarked,,,
cosm-villain-celestials-gammenon-the-gatherer,"Gammenon, The Gatherer",cosm,villain,(unmarked),unmarked,,,
cosm-villain-from-beyond-kosmos,Kosmos,cosm,villain,(unmarked),unmarked,,,
cosm-villain-from-beyond-kubik,Kubik,cosm,villain,(unmarked),unmarked,,,
cosm-villain-celestials-nezarr-the-calculator,"Nezarr, The Calculator",cosm,villain,(unmarked),unmarked,,,
cosm-villain-black-order-of-thanos-proxima-midnight,Proxima Midnight,cosm,villain,(unmarked),unmarked,,,
henchman-sidera-maris-bridge-builders,"Sidera Maris, Bridge Builders",cosm,henchman,(unmarked),unmarked,,,
cosm-villain-black-order-of-thanos-supergiant,Supergiant,cosm,villain,(unmarked),unmarked,,,
cosm-villain-elders-of-the-universe-the-champion-of-the-universe,The Champion of the Universe,cosm,villain,koHeroCurrentPlayer,executable,WP-185,,packages/game-engine/src/villain/villainEffects.execute.ts#ko-hero
cosm-villain-elders-of-the-universe-the-collector,The Collector,cosm,villain,(unmarked),unmarked,,,
cosm-villain-from-beyond-the-mapmakers,The Mapmakers,cosm,villain,koHeroCurrentPlayer,executable,WP-185,,packages/game-engine/src/villain/villainEffects.execute.ts#ko-hero
cosm-villain-elders-of-the-universe-the-runner,The Runner,cosm,villain,(unmarked),unmarked,,,
cosm-villain-from-beyond-the-shaper-of-worlds,The Shaper of Worlds,cosm,villain,(unmarked),unmarked,,,
cosm-villain-elders-of-the-universe-the-trader,The Trader,cosm,villain,(unmarked),unmarked,,,
cosm-villain-celestials-tiamut-the-dreaming-celestial,"Tiamut, The Dreaming Celestial",cosm,villain,(unmarked),unmarked,,,
henchman-universal-church-of-truth,Universal Church of Truth,cosm,henchman,(unmarked),unmarked,,,
cvwr-villain-shield-elite-agent-eric-marshall,Agent Eric Marshall,cvwr,villain,(unmarked),unmarked,,,
cvwr-villain-shield-elite-agent-gabe-jones,Agent Gabe Jones,cvwr,villain,(unmarked),unmarked,,,
cvwr-villain-great-lakes-avengers-big-bertha,Big Bertha,cvwr,villain,(unmarked),unmarked,,,
cvwr-villain-registration-enforcers-blade,Blade,cvwr,villain,(unmarked),unmarked,,,
cvwr-villain-csa-special-marshals-bullseye,Bullseye,cvwr,villain,(unmarked),unmarked,,,
henchman-cape-killers,Cape-Killers,cvwr,henchman,(unmarked),unmarked,,,
cvwr-villain-registration-enforcers-captain-marvel,Captain Marvel,cvwr,villain,(unmarked),unmarked,,,
cvwr-villain-heroes-for-hire-colleen-wing,Colleen Wing,cvwr,villain,(unmarked),unmarked,,,
cvwr-villain-registration-enforcers-deadpool,Deadpool,cvwr,villain,(unmarked),unmarked,,,
cvwr-villain-shield-elite-dum-dum-dugan,Dum Dum Dugan,cvwr,villain,(unmarked),unmarked,,,
cvwr-villain-thunderbolts-fixer,Fixer,cvwr,villain,(unmarked),unmarked,,,
cvwr-villain-great-lakes-avengers-flatman,Flatman,cvwr,villain,(unmarked),unmarked,,,
cvwr-villain-heroes-for-hire-humbug,Humbug,cvwr,villain,koHeroCurrentPlayer,executable,WP-185,,packages/game-engine/src/villain/villainEffects.execute.ts#ko-hero
cvwr-villain-superhuman-registration-act-iron-spider,Iron Spider,cvwr,villain,(unmarked),unmarked,,,
cvwr-villain-thunderbolts-mach-iv,Mach-IV,cvwr,villain,(unmarked),unmarked,,,
henchman-mandroid,Mandroid,cvwr,henchman,koHeroCurrentPlayer,executable,WP-185,,packages/game-engine/src/villain/villainEffects.execute.ts#ko-hero
cvwr-villain-registration-enforcers-micromax,Micromax,cvwr,villain,koHeroCurrentPlayer,executable,WP-185,,packages/game-engine/src/villain/villainEffects.execute.ts#ko-hero
cvwr-villain-csa-special-marshals-moonstone,Moonstone,cvwr,villain,(unmarked),unmarked,,,
cvwr-villain-great-lakes-avengers-mr-immortal,Mr. Immortal,cvwr,villain,(unmarked),unmarked,,,
cvwr-villain-superhuman-registration-act-ms-marvel,Ms. Marvel,cvwr,villain,(unmarked),unmarked,,,
cvwr-villain-csa-special-marshals-penance,Penance,cvwr,villain,(unmarked),unmarked,,,
cvwr-villain-thunderbolts-radioactive-man,Radioactive Man,cvwr,villain,(unmarked),unmarked,,,
cvwr-villain-heroes-for-hire-shang-chi,Shang-Chi,cvwr,villain,(unmarked),unmarked,,,
cvwr-villain-shield-elite-sharon-carter-agent-13,"Sharon Carter, Agent 13",cvwr,villain,(unmarked),unmarked,,,
cvwr-villain-superhuman-registration-act-she-hulk,She-Hulk,cvwr,villain,(unmarked),unmarked,,,
cvwr-villain-thunderbolts-songbird,Songbird,cvwr,villain,(unmarked),unmarked,,,
cvwr-villain-great-lakes-avengers-squirrel-girl,Squirrel Girl,cvwr,villain,(unmarked),unmarked,,,
cvwr-villain-heroes-for-hire-tarantula,Tarantula,cvwr,villain,(unmarked),unmarked,,,
cvwr-villain-csa-special-marshals-venom,Venom,cvwr,villain,(unmarked),unmarked,,,
cvwr-villain-superhuman-registration-act-yellowjacket,Yellowjacket,cvwr,villain,(unmarked),unmarked,,,
dead-villain-deadpools-friends-blind-al-and-deuce,Blind Al and Deuce,dead,villain,(unmarked),unmarked,,,
dead-villain-evil-deadpool-corpse-d-e-a-d-p-o-o-l,D.E.A.D.P.O.O.L.,dead,villain,(unmarked),unmarked,,,
dead-villain-deadpools-friends-sluggo,Sluggo,dead,villain,gainWoundEachPlayer,executable,WP-185,,packages/game-engine/src/villain/villainEffects.execute.ts#gain-wound
dead-villain-deadpools-friends-taskmaster,Taskmaster,dead,villain,captureBystander,executable,WP-185,D-18506,packages/game-engine/src/villain/villainEffects.execute.ts#capture-bystander
dead-villain-evil-deadpool-corpse-the-deadpool-kid,The Deadpool Kid,dead,villain,(unmarked),unmarked,,,
dead-villain-evil-deadpool-corpse-ultimate-deadpool,Ultimate Deadpool,dead,villain,(unmarked),unmarked,,,
dead-villain-deadpools-friends-weasel,Weasel,dead,villain,(unmarked),unmarked,,,
dead-villain-evil-deadpool-corpse-wolverinepool,Wolverinepool,dead,villain,(unmarked),unmarked,,,
henchman-circus-of-crime,Circus of Crime,dims,henchman,(unmarked),unmarked,,,
henchman-spider-slayer,Spider-Slayer,dims,henchman,(unmarked),unmarked,,,
dkcy-villain-underworld-azazel,Azazel,dkcy,villain,(unmarked),unmarked,,,
dkcy-villain-underworld-blackheart,Blackheart,dkcy,villain,(unmarked),unmarked,,,
dkcy-villain-marauders-blockbuster,Blockbuster,dkcy,villain,(unmarked),unmarked,,,
dkcy-villain-streets-of-new-york-bullseye,Bullseye,dkcy,villain,(unmarked),unmarked,,,
dkcy-villain-marauders-chimera,Chimera,dkcy,villain,(unmarked),unmarked,,,
dkcy-villain-four-horsemen-death,Death,dkcy,villain,(unmarked),unmarked,,,
dkcy-villain-underworld-dracula,Dracula,dkcy,villain,(unmarked),unmarked,,,
dkcy-villain-emissaries-of-evil-egghead,Egghead,dkcy,villain,(unmarked),unmarked,,,
dkcy-villain-emissaries-of-evil-electro,Electro,dkcy,villain,(unmarked),unmarked,,,
dkcy-villain-four-horsemen-famine,Famine,dkcy,villain,(unmarked),unmarked,,,
dkcy-villain-mutant-liberation-front-forearm,Forearm,dkcy,villain,(unmarked),unmarked,,,
dkcy-villain-emissaries-of-evil-gladiator,Gladiator,dkcy,villain,(unmarked),unmarked,,,
dkcy-villain-streets-of-new-york-hammerhead,Hammerhead,dkcy,villain,(unmarked),unmarked,,,
dkcy-villain-streets-of-new-york-jigsaw,Jigsaw,dkcy,villain,(unmarked),unmarked,,,
dkcy-villain-underworld-lilith-daughter-of-dracula,"Lilith, Daughter of Dracula",dkcy,villain,(unmarked),unmarked,,,
henchman-maggia-goons,Maggia Goons,dkcy,henchman,koHeroCurrentPlayer,executable,WP-185,,packages/game-engine/src/villain/villainEffects.execute.ts#ko-hero
dkcy-villain-four-horsemen-pestilence,Pestilence,dkcy,villain,(unmarked),unmarked,,,
henchman-phalanx,Phalanx,dkcy,henchman,(unmarked),unmarked,,,
dkcy-villain-mutant-liberation-front-reignfire,Reignfire,dkcy,villain,(unmarked),unmarked,,,
dkcy-villain-emissaries-of-evil-rhino,Rhino,dkcy,villain,gainWoundEachPlayer,executable,WP-185,,packages/game-engine/src/villain/villainEffects.execute.ts#gain-wound
dkcy-villain-marauders-scalphunter,Scalphunter,dkcy,villain,(unmarked),unmarked,,,
dkcy-villain-streets-of-new-york-tombstone,Tombstone,dkcy,villain,(unmarked),unmarked,,,
dkcy-villain-marauders-vertigo,Vertigo,dkcy,villain,(unmarked),unmarked,,,
dkcy-villain-four-horsemen-war,War,dkcy,villain,(unmarked),unmarked,,,
dkcy-villain-mutant-liberation-front-wildside,Wildside,dkcy,villain,(unmarked),unmarked,,,
dkcy-villain-mutant-liberation-front-zero,Zero,dkcy,villain,(unmarked),unmarked,,,
dstr-villain-lords-of-the-netherworld-baron-mordo,Baron Mordo,dstr,villain,(unmarked),unmarked,,,
dstr-villain-fear-lords-dspayre,D'Spayre,dstr,villain,(unmarked),unmarked,,,
dstr-villain-fear-lords-dreamstalker,Dreamstalker,dstr,villain,(unmarked),unmarked,,,
dstr-villain-lords-of-the-netherworld-mindless-ones,Mindless Ones,dstr,villain,(unmarked),unmarked,,,
dstr-villain-fear-lords-nox,Nox,dstr,villain,(unmarked),unmarked,,,
dstr-villain-lords-of-the-netherworld-satana-hellstrom,Satana Hellstrom,dstr,villain,(unmarked),unmarked,,,
dstr-villain-lords-of-the-netherworld-satannish,Satannish,dstr,villain,(unmarked),unmarked,,,
dstr-villain-fear-lords-the-lurking-unknown,The Lurking Unknown,dstr,villain,(unmarked),unmarked,,,
dstr-villain-lords-of-the-netherworld-umar,Umar,dstr,villain,(unmarked),unmarked,,,
fear-villain-mighty-the-black-widow,Black Widow,fear,villain,(unmarked),unmarked,,,
fear-villain-mighty-the-dr-strange,Dr. Strange,fear,villain,(unmarked),unmarked,,,
fear-villain-mighty-the-hawkeye,Hawkeye,fear,villain,(unmarked),unmarked,,,
fear-villain-mighty-the-iron-fist,Iron Fist,fear,villain,(unmarked),unmarked,,,
fear-villain-mighty-the-ms-marvel,Ms. Marvel,fear,villain,(unmarked),unmarked,,,
fear-villain-mighty-the-red-she-hulk,Red She-Hulk,fear,villain,(unmarked),unmarked,,,
fear-villain-mighty-the-spider-man,Spider-Man,fear,villain,(unmarked),unmarked,,,
fear-villain-mighty-the-wolverine,Wolverine,fear,villain,(unmarked),unmarked,,,
ff04-villain-heralds-of-galactus-firelord,Firelord,ff04,villain,(unmarked),unmarked,,,
ff04-villain-subterranea-giganto,Giganto,ff04,villain,(unmarked),unmarked,,,
ff04-villain-subterranea-megataur,Megataur,ff04,villain,(unmarked),unmarked,,,
ff04-villain-subterranea-moloids,Moloids,ff04,villain,koHeroCurrentPlayer,executable,WP-185,,packages/game-engine/src/villain/villainEffects.execute.ts#ko-hero
ff04-villain-heralds-of-galactus-morg,Morg,ff04,villain,(unmarked),unmarked,,,
ff04-villain-subterranea-raktar-the-molan-king,Ra'ktar the Molan King,ff04,villain,(unmarked),unmarked,,,
ff04-villain-heralds-of-galactus-stardust,Stardust,ff04,villain,(unmarked),unmarked,,,
ff04-villain-heralds-of-galactus-terrax-the-tamer,Terrax the Tamer,ff04,villain,(unmarked),unmarked,,,
gotg-villain-kree-starforce-captain-atlas,Captain Atlas,gotg,villain,(unmarked),unmarked,,,
gotg-villain-kree-starforce-demon-druid,Demon Druid,gotg,villain,(unmarked),unmarked,,,
gotg-villain-kree-starforce-dr-minerva,Dr. Minerva,gotg,villain,(unmarked),unmarked,,,
gotg-villain-kree-starforce-korath-the-pursuer,Korath the Pursuer,gotg,villain,(unmarked),unmarked,,,
gotg-villain-infinity-gems-mind-gem,Mind Gem,gotg,villain,(unmarked),unmarked,,,
gotg-villain-infinity-gems-power-gem,Power Gem,gotg,villain,(unmarked),unmarked,,,
gotg-villain-infinity-gems-reality-gem,Reality Gem,gotg,villain,(unmarked),unmarked,,,
gotg-villain-kree-starforce-ronan-the-accuser,Ronan the Accuser,gotg,villain,(unmarked),unmarked,,,
gotg-villain-kree-starforce-shatterax,Shatterax,gotg,villain,(unmarked),unmarked,,,
gotg-villain-infinity-gems-soul-gem,Soul Gem,gotg,villain,(unmarked),unmarked,,,
gotg-villain-infinity-gems-space-gem,Space Gem,gotg,villain,(unmarked),unmarked,,,
gotg-villain-kree-starforce-supremor,Supremor,gotg,villain,(unmarked),unmarked,,,
gotg-villain-infinity-gems-time-gem,Time Gem,gotg,villain,(unmarked),unmarked,,,
mdns-villain-fallen-atrocity,Atrocity,mdns,villain,(unmarked),unmarked,,,
mdns-villain-lilin-blackout,Blackout,mdns,villain,(unmarked),unmarked,,,
mdns-villain-lilin-meatmarket,Meatmarket,mdns,villain,(unmarked),unmarked,,,
mdns-villain-fallen-metarchus,Metarchus,mdns,villain,koHeroCurrentPlayer,executable,WP-185,,packages/game-engine/src/villain/villainEffects.execute.ts#ko-hero
mdns-villain-lilin-outcast,Outcast,mdns,villain,(unmarked),unmarked,,,
mdns-villain-fallen-patriarch,Patriarch,mdns,villain,(unmarked),unmarked,,,
mdns-villain-fallen-salom-sorceress-supreme,"Salomé, Sorceress Supreme",mdns,villain,(unmarked),unmarked,,,
mdns-villain-lilin-sister-nil,Sister Nil,mdns,villain,(unmarked),unmarked,,,
mdns-villain-lilin-skinner,Skinner,mdns,villain,koHeroCurrentPlayer,executable,WP-185,,packages/game-engine/src/villain/villainEffects.execute.ts#ko-hero
mgtg-villain-followers-of-ronan-exolon-attendants,Exolon Attendants,mgtg,villain,(unmarked),unmarked,,,
mgtg-villain-followers-of-ronan-exolon-monks,Exolon Monks,mgtg,villain,koHeroCurrentPlayer,executable,WP-185,,packages/game-engine/src/villain/villainEffects.execute.ts#ko-hero
mgtg-villain-ravagers-gef,Gef,mgtg,villain,(unmarked),unmarked,,,
mgtg-villain-followers-of-ronan-korath-the-pursuer,Korath the Pursuer,mgtg,villain,(unmarked),unmarked,,,
mgtg-villain-followers-of-ronan-koraths-disrupter-rifle,Korath's Disrupter Rifle,mgtg,villain,(unmarked),unmarked,,,
mgtg-villain-ravagers-kraglin-obfonteri,Kraglin Obfonteri,mgtg,villain,(unmarked),unmarked,,,
mgtg-villain-followers-of-ronan-nebula,Nebula,mgtg,villain,(unmarked),unmarked,,,
mgtg-villain-ravagers-ravager-starship-eclector,Ravager Starship “Eclector“,mgtg,villain,(unmarked),unmarked,,,
mgtg-villain-followers-of-ronan-sakaaran-mercenaries,Sakaaran Mercenaries,mgtg,villain,(unmarked),unmarked,,,
mgtg-villain-ravagers-scavenged-blade,Scavenged Blade,mgtg,villain,(unmarked),unmarked,,,
mgtg-villain-ravagers-taserface,Taserface,mgtg,villain,(unmarked),unmarked,,,
mgtg-villain-followers-of-ronan-the-orb,The Orb,mgtg,villain,(unmarked),unmarked,,,
mgtg-villain-ravagers-tullk,Tullk,mgtg,villain,(unmarked),unmarked,,,
mgtg-villain-ravagers-yaka-arrow,Yaka Arrow,mgtg,villain,(unmarked),unmarked,,,
mgtg-villain-ravagers-yondu-udonta,Yondu Udonta,mgtg,villain,(unmarked),unmarked,,,
mgtg-villain-followers-of-ronan-the-dark-aster-flagship,“The Dark Aster“ Flagship,mgtg,villain,(unmarked),unmarked,,,
msis-villain-children-of-thanos-chitauri-gorilla,Chitauri Gorilla,msis,villain,captureBystander,executable,WP-185,D-18506,packages/game-engine/src/villain/villainEffects.execute.ts#capture-bystander
msis-villain-children-of-thanos-corvus-glaive,Corvus Glaive,msis,villain,(unmarked),unmarked,,,
msis-villain-children-of-thanos-cull-obsidian,Cull Obsidian,msis,villain,(unmarked),unmarked,,,
msis-villain-children-of-thanos-endless-armies-of-chitauri,Endless Armies of Chitauri,msis,villain,(unmarked),unmarked,,,
msis-villain-infinity-stones-nebula-stone-seeker,"Nebula, Stone Seeker",msis,villain,(unmarked),unmarked,,,
msis-villain-children-of-thanos-outrider-dropships,Outrider Dropships,msis,villain,(unmarked),unmarked,,,
msis-villain-children-of-thanos-outrider-threshers,Outrider Threshers,msis,villain,(unmarked),unmarked,,,
msis-villain-children-of-thanos-outriders,Outriders,msis,villain,(unmarked),unmarked,,,
msis-villain-children-of-thanos-proxima-midnight,Proxima Midnight,msis,villain,(unmarked),unmarked,,,
msis-villain-infinity-stones-stonekeeper,Stonekeeper,msis,villain,koHeroEachPlayer,executable,WP-189,D-18901,packages/game-engine/src/villain/villainEffects.execute.ts#ko-hero
msis-villain-infinity-stones-the-mind-stone,The Mind Stone,msis,villain,(unmarked),unmarked,,,
msis-villain-infinity-stones-the-power-stone,The Power Stone,msis,villain,(unmarked),unmarked,,,
msis-villain-infinity-stones-the-reality-stone,The Reality Stone,msis,villain,(unmarked),unmarked,,,
msis-villain-infinity-stones-the-soul-stone,The Soul Stone,msis,villain,(unmarked),unmarked,,,
msis-villain-infinity-stones-the-space-stone,The Space Stone,msis,villain,(unmarked),unmarked,,,
msis-villain-infinity-stones-the-time-stone,The Time Stone,msis,villain,(unmarked),unmarked,,,
msmc-villain-reavers-bonebreaker,Bonebreaker,msmc,villain,(unmarked),unmarked,,,
msmc-villain-purifiers-cameron-hodge,Cameron Hodge,msmc,villain,(unmarked),unmarked,,,
msmc-villain-reavers-donald-pierce,Donald Pierce,msmc,villain,(unmarked),unmarked,,,
msmc-villain-acolytes-frenzy,Frenzy,msmc,villain,koHeroCurrentPlayer,executable,WP-185,,packages/game-engine/src/villain/villainEffects.execute.ts#ko-hero
msmc-villain-clan-yashida-gorgon,Gorgon,msmc,villain,koHeroCurrentPlayer,executable,WP-185,,packages/game-engine/src/villain/villainEffects.execute.ts#ko-hero
msmc-villain-purifiers-leper-queen,Leper Queen,msmc,villain,(unmarked),unmarked,,,
msmc-villain-clan-yashida-lord-shingen,Lord Shingen,msmc,villain,captureBystander,executable,WP-185,D-18506,packages/game-engine/src/villain/villainEffects.execute.ts#capture-bystander
henchman-mr-sinister-clones,Mr. Sinister Clones,msmc,henchman,(unmarked),unmarked,,,
msmc-villain-purifiers-predator-x-covert,Predator X (Covert),msmc,villain,(unmarked),unmarked,,,
msmc-villain-purifiers-predator-x-instinct,Predator X (Instinct),msmc,villain,(unmarked),unmarked,,,
msmc-villain-purifiers-predator-x-ranged,Predator X (Ranged),msmc,villain,(unmarked),unmarked,,,
msmc-villain-purifiers-predator-x-strength,Predator X (Strength),msmc,villain,(unmarked),unmarked,,,
msmc-villain-purifiers-predator-x-tech,Predator X (Tech),msmc,villain,(unmarked),unmarked,,,
msmc-villain-reavers-pretty-boy,Pretty Boy,msmc,villain,(unmarked),unmarked,,,
msmc-villain-acolytes-random,Random,msmc,villain,(unmarked),unmarked,,,
msmc-villain-purifiers-reverend-william-stryker,Reverend William Stryker,msmc,villain,(unmarked),unmarked,,,
msmc-villain-clan-yashida-scarlet-samurai,Scarlet Samurai,msmc,villain,(unmarked),unmarked,,,
henchman-sentinel-squad-o-n-e,Sentinel Squad O∗N∗E∗,msmc,henchman,(unmarked),unmarked,,,
msmc-villain-clan-yashida-silver-samurai,Silver Samurai,msmc,villain,(unmarked),unmarked,,,
msmc-villain-reavers-skullbuster,Skullbuster,msmc,villain,(unmarked),unmarked,,,
msmc-villain-acolytes-tempo,Tempo,msmc,villain,(unmarked),unmarked,,,
msmc-villain-acolytes-unuscione,Unuscione,msmc,villain,captureBystander,executable,WP-185,D-18506,packages/game-engine/src/villain/villainEffects.execute.ts#capture-bystander
msp1-villain-gamma-hunters-abomination-raging-monster,"Abomination, Raging Monster",msp1,villain,(unmarked),unmarked,,,
msp1-villain-hydra-arnim-zola,Arnim Zola,msp1,villain,(unmarked),unmarked,,,
msp1-villain-chitauri-chitauri-chariot,Chitauri Chariot,msp1,villain,(unmarked),unmarked,,,
msp1-villain-chitauri-chitauri-commander,Chitauri Commander,msp1,villain,(unmarked),unmarked,,,
msp1-villain-chitauri-chitauri-leviathan,Chitauri Leviathan,msp1,villain,(unmarked),unmarked,,,
msp1-villain-chitauri-chitauri-soldier,Chitauri Soldier,msp1,villain,captureBystander,executable,WP-185,D-18506,packages/game-engine/src/villain/villainEffects.execute.ts#capture-bystander
msp1-villain-enemies-of-asgard-destroyer,Destroyer,msp1,villain,koHeroEachPlayerMag2,executable,WP-202,D-20201,packages/game-engine/src/villain/villainEffects.execute.ts#ko-hero
msp1-villain-hydra-endless-armies-of-hydra,Endless Armies of HYDRA,msp1,villain,(unmarked),unmarked,,,
msp1-villain-enemies-of-asgard-enslaved-hawkeye,Enslaved Hawkeye,msp1,villain,(unmarked),unmarked,,,
msp1-villain-gamma-hunters-fighter-jet,Fighter Jet,msp1,villain,koHeroCurrentPlayer,executable,WP-185,,packages/game-engine/src/villain/villainEffects.execute.ts#ko-hero
msp1-villain-enemies-of-asgard-frost-giant,Frost Giant,msp1,villain,(unmarked),unmarked,,,
msp1-villain-hydra-hydra-motorcycle-squad,HYDRA Motorcycle Squad,msp1,villain,(unmarked),unmarked,,,
henchman-hydra-pilots,HYDRA Pilots,msp1,henchman,(unmarked),unmarked,,,
henchman-hydra-spies,HYDRA Spies,msp1,henchman,(unmarked),unmarked,,,
msp1-villain-hydra-hydra-tank,HYDRA Tank,msp1,villain,(unmarked),unmarked,,,
henchman-hammer-drone-army,Hammer Drone Army,msp1,henchman,(unmarked),unmarked,,,
msp1-villain-iron-foes-hammer-drone-marine,Hammer Drone Marine,msp1,villain,(unmarked),unmarked,,,
msp1-villain-iron-foes-justin-hammer,Justin Hammer,msp1,villain,(unmarked),unmarked,,,
msp1-villain-enemies-of-asgard-laufey-frost-giant-king,"Laufey, Frost Giant King",msp1,villain,(unmarked),unmarked,,,
msp1-villain-gamma-hunters-lt-gen-thunderbolt-ross,Lt. Gen “Thunderbolt“ Ross,msp1,villain,(unmarked),unmarked,,,
msp1-villain-iron-foes-raza-ten-rings-leader,"Raza, Ten Rings Leader",msp1,villain,(unmarked),unmarked,,,
msp1-villain-gamma-hunters-sonic-cannon,Sonic Cannon,msp1,villain,(unmarked),unmarked,,,
henchman-ten-rings-fanatics,Ten Rings Fanatics,msp1,henchman,(unmarked),unmarked,,,
msp1-villain-iron-foes-whiplash,Whiplash,msp1,villain,(unmarked),unmarked,,,
nmut-villain-hellions-catseye,Catseye,nmut,villain,koHeroCurrentPlayer,executable,WP-185,,packages/game-engine/src/villain/villainEffects.execute.ts#ko-hero
nmut-villain-demons-of-limbo-crotus,Crotus,nmut,villain,(unmarked),unmarked,,,
nmut-villain-demons-of-limbo-demon-bear,Demon Bear,nmut,villain,(unmarked),unmarked,,,
nmut-villain-hellions-empath,Empath,nmut,villain,(unmarked),unmarked,,,
nmut-villain-hellions-jetstream,Jetstream,nmut,villain,(unmarked),unmarked,,,
nmut-villain-demons-of-limbo-nastirh,N'astirh,nmut,villain,koHeroCurrentPlayer,executable,WP-185,,packages/game-engine/src/villain/villainEffects.execute.ts#ko-hero
nmut-villain-hellions-roulette,Roulette,nmut,villain,(unmarked),unmarked,,,
nmut-villain-demons-of-limbo-sym,S'ym,nmut,villain,(unmarked),unmarked,,,
nmut-villain-hellions-tarot,Tarot,nmut,villain,(unmarked),unmarked,,,
nmut-villain-hellions-thunderbird,Thunderbird,nmut,villain,koHeroCurrentPlayer,executable,WP-185,,packages/game-engine/src/villain/villainEffects.execute.ts#ko-hero
nmut-villain-demons-of-limbo-witchfire,Witchfire,nmut,villain,(unmarked),unmarked,,,
noir-villain-x-men-noir-bobby-iceman-drake,Bobby “Iceman“ Drake,noir,villain,(unmarked),unmarked,,,
noir-villain-x-men-noir-comrade-rasputin-steel-wall,"Comrade Rasputin, Steel Wall",noir,villain,(unmarked),unmarked,,,
noir-villain-goblins-freak-show-fancy-dan,Fancy Dan,noir,villain,koHeroCurrentPlayer,executable,WP-185,,packages/game-engine/src/villain/villainEffects.execute.ts#ko-hero
noir-villain-x-men-noir-henry-beast-mccoy,Henry “Beast“ McCoy,noir,villain,(unmarked),unmarked,,,
noir-villain-x-men-noir-jean-grey-noir,Jean Grey Noir,noir,villain,(unmarked),unmarked,,,
noir-villain-goblins-freak-show-kraven-animal-trainer,"Kraven, Animal Trainer",noir,villain,(unmarked),unmarked,,,
noir-villain-goblins-freak-show-montana,Montana,noir,villain,(unmarked),unmarked,,,
noir-villain-x-men-noir-ororo-munroe-storm-tossed,"Ororo Munroe, Storm-Tossed",noir,villain,(unmarked),unmarked,,,
noir-villain-goblins-freak-show-ox,Ox,noir,villain,(unmarked),unmarked,,,
noir-villain-x-men-noir-scott-cyclops-summers,Scott “Cyclops“ Summers,noir,villain,(unmarked),unmarked,,,
noir-villain-goblins-freak-show-the-chameleon,The Chameleon,noir,villain,(unmarked),unmarked,,,
noir-villain-goblins-freak-show-vulture-carnival-cannibal,"Vulture, Carnival Cannibal",noir,villain,gainWoundEachPlayer,executable,WP-185,,packages/game-engine/src/villain/villainEffects.execute.ts#gain-wound
noir-villain-x-men-noir-warden-emma-frost,Warden Emma Frost,noir,villain,(unmarked),unmarked,,,
pttr-villain-maximum-carnage-carrion,Carrion,pttr,villain,(unmarked),unmarked,,,
pttr-villain-sinister-six-chameleon,Chameleon,pttr,villain,(unmarked),unmarked,,,
pttr-villain-maximum-carnage-demogoblin,Demogoblin,pttr,villain,captureBystander,executable,WP-185,D-18506,packages/game-engine/src/villain/villainEffects.execute.ts#capture-bystander
pttr-villain-maximum-carnage-doppelganger,Doppelganger,pttr,villain,(unmarked),unmarked,,,
pttr-villain-sinister-six-hobgoblin,Hobgoblin,pttr,villain,(unmarked),unmarked,,,
pttr-villain-sinister-six-kraven-the-hunter,Kraven the Hunter,pttr,villain,(unmarked),unmarked,,,
pttr-villain-sinister-six-sandman,Sandman,pttr,villain,(unmarked),unmarked,,,
pttr-villain-sinister-six-shocker,Shocker,pttr,villain,(unmarked),unmarked,,,
pttr-villain-maximum-carnage-shriek,Shriek,pttr,villain,gainWoundEachPlayer,executable,WP-185,,packages/game-engine/src/villain/villainEffects.execute.ts#gain-wound
pttr-villain-sinister-six-vulture,Vulture,pttr,villain,(unmarked),unmarked,,,
rlmk-villain-shiar-imperial-elite-gladiator,Gladiator,rlmk,villain,(unmarked),unmarked,,,
rlmk-villain-inhuman-rebellion-lash,Lash,rlmk,villain,(unmarked),unmarked,,,
rlmk-villain-inhuman-rebellion-lineage,Lineage,rlmk,villain,(unmarked),unmarked,,,
rlmk-villain-shiar-imperial-elite-mentor,Mentor,rlmk,villain,(unmarked),unmarked,,,
rlmk-villain-inhuman-rebellion-omega,Omega,rlmk,villain,(unmarked),unmarked,,,
rlmk-villain-shiar-imperial-elite-plutonia,Plutonia,rlmk,villain,(unmarked),unmarked,,,
rlmk-villain-shiar-imperial-elite-starbolt,Starbolt,rlmk,villain,(unmarked),unmarked,,,
rlmk-villain-inhuman-rebellion-the-unspoken,The Unspoken,rlmk,villain,(unmarked),unmarked,,,
rvlt-villain-dark-avengers-ares,Ares,rvlt,villain,koHeroCurrentPlayer,executable,WP-185,,packages/game-engine/src/villain/villainEffects.execute.ts#ko-hero
rvlt-villain-army-of-evil-blackout,Blackout,rvlt,villain,(unmarked),unmarked,,,
rvlt-villain-hoods-gang-cancer,Cancer,rvlt,villain,(unmarked),unmarked,,,
rvlt-villain-dark-avengers-captain-marvel-noh-varr,Captain Marvel (Noh-Varr),rvlt,villain,(unmarked),unmarked,,,
rvlt-villain-lethal-legion-carnival-of-wonders,Carnival of Wonders,rvlt,villain,(unmarked),unmarked,,,
rvlt-villain-hoods-gang-chemistro,Chemistro,rvlt,villain,(unmarked),unmarked,,,
rvlt-villain-army-of-evil-count-nefaria,Count Nefaria,rvlt,villain,(unmarked),unmarked,,,
rvlt-villain-dark-avengers-dark-hawkeye-bullseye,Dark Hawkeye (Bullseye),rvlt,villain,(unmarked),unmarked,,,
rvlt-villain-dark-avengers-dark-ms-marvel-moonnstone,Dark Ms. Marvel (Moonnstone),rvlt,villain,(unmarked),unmarked,,,
rvlt-villain-dark-avengers-dark-spider-man-scorpion,Dark Spider-Man (Scorpion),rvlt,villain,(unmarked),unmarked,,,
rvlt-villain-dark-avengers-dark-wolverine-daken,Dark Wolverine (Daken),rvlt,villain,(unmarked),unmarked,,,
rvlt-villain-army-of-evil-dome-of-darkforce,Dome of Darkforce,rvlt,villain,(unmarked),unmarked,,,
henchman-hydra-base,HYDRA Base,rvlt,henchman,koHeroCurrentPlayer,executable,WP-185,,packages/game-engine/src/villain/villainEffects.execute.ts#ko-hero
rvlt-villain-army-of-evil-klaw,Klaw,rvlt,villain,(unmarked),unmarked,,,
rvlt-villain-lethal-legion-laser-maze,Laser Maze,rvlt,villain,(unmarked),unmarked,,,
rvlt-villain-lethal-legion-living-laser,Living Laser,rvlt,villain,(unmarked),unmarked,,,
rvlt-villain-lethal-legion-mbaku,M'Baku,rvlt,villain,(unmarked),unmarked,,,
rvlt-villain-hoods-gang-madam-masque,Madam Masque,rvlt,villain,koHeroCurrentPlayer,executable,WP-185,,packages/game-engine/src/villain/villainEffects.execute.ts#ko-hero
rvlt-villain-army-of-evil-mister-hyde,Mister Hyde,rvlt,villain,koHeroCurrentPlayer,executable,WP-185,,packages/game-engine/src/villain/villainEffects.execute.ts#ko-hero
rvlt-villain-lethal-legion-power-man-erik-josten,Power Man (Erik Josten),rvlt,villain,(unmarked),unmarked,,,
rvlt-villain-dark-avengers-sentry,Sentry,rvlt,villain,gainWoundEachPlayer,executable,WP-185,,packages/game-engine/src/villain/villainEffects.execute.ts#gain-wound
rvlt-villain-dark-avengers-sentrys-watchtower,Sentry's Watchtower,rvlt,villain,(unmarked),unmarked,,,
rvlt-villain-lethal-legion-swordsman,Swordsman,rvlt,villain,(unmarked),unmarked,,,
rvlt-villain-hoods-gang-the-brothers-grimm,The Brothers Grimm,rvlt,villain,(unmarked),unmarked,,,
rvlt-villain-hoods-gang-the-dark-dimension,The Dark Dimension,rvlt,villain,(unmarked),unmarked,,,
rvlt-villain-lethal-legion-white-gorilla-cult,White Gorilla Cult,rvlt,villain,(unmarked),unmarked,,,
rvlt-villain-lethal-legion-the-raft-prison,“The Raft“ Prison,rvlt,villain,(unmarked),unmarked,,,
shld-villain-hydra-elite-crossbones,Crossbones,shld,villain,(unmarked),unmarked,,,
shld-villain-hydra-elite-gorgon,Gorgon,shld,villain,(unmarked),unmarked,,,
shld-villain-a-i-m-hydra-offshoot-graviton,Graviton,shld,villain,(unmarked),unmarked,,,
shld-villain-hydra-elite-growing-man,Growing Man,shld,villain,(unmarked),unmarked,,,
shld-villain-hydra-elite-hive,Hive,shld,villain,(unmarked),unmarked,,,
shld-villain-a-i-m-hydra-offshoot-mentallo,Mentallo,shld,villain,(unmarked),unmarked,,,
shld-villain-a-i-m-hydra-offshoot-superia,Superia,shld,villain,(unmarked),unmarked,,,
shld-villain-a-i-m-hydra-offshoot-taskmaster,Taskmaster,shld,villain,(unmarked),unmarked,,,
smhc-villain-vulture-tech-chitauri-weapon-assault,Chitauri Weapon Assault,smhc,villain,(unmarked),unmarked,,,
smhc-villain-vulture-tech-high-tech-helmet,High Tech Helmet,smhc,villain,(unmarked),unmarked,,,
smhc-villain-salvagers-hybrid-alien-tech,Hybrid Alien Tech,smhc,villain,(unmarked),unmarked,,,
smhc-villain-vulture-tech-razor-talons,Razor Talons,smhc,villain,(unmarked),unmarked,,,
smhc-villain-salvagers-shocker-1,Shocker #1,smhc,villain,(unmarked),unmarked,,,
smhc-villain-salvagers-shocker-2,Shocker #2,smhc,villain,(unmarked),unmarked,,,
smhc-villain-salvagers-tinkerer,Tinkerer,smhc,villain,(unmarked),unmarked,,,
smhc-villain-vulture-tech-turbine-powered,Turbine Powered,smhc,villain,(unmarked),unmarked,,,
ssw1-villain-domain-of-apocalypse-apocalyptic-blink,Apocalyptic Blink,ssw1,villain,(unmarked),unmarked,,,
ssw1-villain-domain-of-apocalypse-apocalyptic-magneto,Apocalyptic Magneto,ssw1,villain,(unmarked),unmarked,,,
ssw1-villain-domain-of-apocalypse-apocalyptic-rogue,Apocalyptic Rogue,ssw1,villain,(unmarked),unmarked,,,
ssw1-villain-domain-of-apocalypse-apocalyptic-weapon-x,Apocalyptic Weapon X,ssw1,villain,koHeroCurrentPlayer,executable,WP-185,,packages/game-engine/src/villain/villainEffects.execute.ts#ko-hero
ssw1-villain-sentinel-territories-colossus-of-future-past,Colossus of Future Past,ssw1,villain,(unmarked),unmarked,,,
henchman-ghost-racers,Ghost Racers,ssw1,henchman,(unmarked),unmarked,,,
ssw1-villain-limbo-inferno-colossus,Inferno Colossus,ssw1,villain,koHeroCurrentPlayer,executable,WP-185,,packages/game-engine/src/villain/villainEffects.execute.ts#ko-hero
ssw1-villain-limbo-inferno-cyclops,Inferno Cyclops,ssw1,villain,captureBystander,executable,WP-185,D-18506,packages/game-engine/src/villain/villainEffects.execute.ts#capture-bystander
ssw1-villain-limbo-inferno-darkchilde,Inferno Darkchilde,ssw1,villain,(unmarked),unmarked,,,
ssw1-villain-limbo-inferno-nightcrawler,Inferno Nightcrawler,ssw1,villain,(unmarked),unmarked,,,
ssw1-villain-sentinel-territories-kate-pryde-of-future-past,Kate Pryde of Future Past,ssw1,villain,(unmarked),unmarked,,,
henchman-m-o-d-o-k-s,M.O.D.O.K.s,ssw1,henchman,(unmarked),unmarked,,,
ssw1-villain-sentinel-territories-rachel-summers-of-future-past,Rachel Summers of Future Past,ssw1,villain,(unmarked),unmarked,,,
ssw1-villain-wasteland-the-hulk-gang,The Hulk Gang,ssw1,villain,(unmarked),unmarked,,,
henchman-thor-corps,Thor Corps,ssw1,henchman,(unmarked),unmarked,,,
ssw1-villain-manhattan-earth-1610-ultimate-captain-america,Ultimate Captain America,ssw1,villain,(unmarked),unmarked,,,
ssw1-villain-manhattan-earth-1610-ultimate-captain-marvel,Ultimate Captain Marvel,ssw1,villain,(unmarked),unmarked,,,
ssw1-villain-manhattan-earth-1610-ultimate-thor,Ultimate Thor,ssw1,villain,(unmarked),unmarked,,,
ssw1-villain-manhattan-earth-1610-ultimate-wasp,Ultimate Wasp,ssw1,villain,(unmarked),unmarked,,,
ssw1-villain-wasteland-wasteland-hawkeye,Wasteland Hawkeye,ssw1,villain,captureBystander,executable,WP-185,D-18506,packages/game-engine/src/villain/villainEffects.execute.ts#capture-bystander
ssw1-villain-wasteland-wasteland-kingpin,Wasteland Kingpin,ssw1,villain,(unmarked),unmarked,,,
ssw1-villain-wasteland-wasteland-spider-girl,Wasteland Spider-Girl,ssw1,villain,(unmarked),unmarked,,,
ssw1-villain-sentinel-territories-wolverine-of-future-past,Wolverine of Future Past,ssw1,villain,(unmarked),unmarked,,,
ssw1-villain-deadlands-the-zombie-baron-zemo,Zombie Baron Zemo,ssw1,villain,(unmarked),unmarked,,,
ssw1-villain-deadlands-the-zombie-loki,Zombie Loki,ssw1,villain,(unmarked),unmarked,,,
ssw1-villain-deadlands-the-zombie-m-o-d-o-k,Zombie M.O.D.O.K.,ssw1,villain,(unmarked),unmarked,,,
ssw1-villain-deadlands-the-zombie-madame-hydra,Zombie Madame Hydra,ssw1,villain,(unmarked),unmarked,,,
ssw1-villain-deadlands-the-zombie-mr-sinister,Zombie Mr. Sinister,ssw1,villain,(unmarked),unmarked,,,
ssw1-villain-deadlands-the-zombie-mysterio,Zombie Mysterio,ssw1,villain,(unmarked),unmarked,,,
ssw1-villain-deadlands-the-zombie-thanos,Zombie Thanos,ssw1,villain,(unmarked),unmarked,,,
ssw1-villain-deadlands-the-zombie-venom,Zombie Venom,ssw1,villain,gainWoundEachPlayer,executable,WP-185,,packages/game-engine/src/villain/villainEffects.execute.ts#gain-wound
ssw2-villain-x-men-92-92-beast,'92 Beast,ssw2,villain,(unmarked),unmarked,,,
ssw2-villain-x-men-92-92-jubilee,'92 Jubilee,ssw2,villain,(unmarked),unmarked,,,
ssw2-villain-x-men-92-92-professor-x,'92 Professor X,ssw2,villain,(unmarked),unmarked,,,
ssw2-villain-x-men-92-92-wolverine,'92 Wolverine,ssw2,villain,(unmarked),unmarked,,,
ssw2-villain-guardians-of-knowhere-angela,Angela,ssw2,villain,(unmarked),unmarked,,,
ssw2-villain-monster-metropolis-bug-shiklahs-dragon,"Bug, Shiklah's Dragon",ssw2,villain,(unmarked),unmarked,,,
ssw2-villain-deadpools-secret-secret-wars-deadpool,Deadpool,ssw2,villain,(unmarked),unmarked,,,
ssw2-villain-utopolis-doctor-spectrum,Doctor Spectrum,ssw2,villain,(unmarked),unmarked,,,
ssw2-villain-deadpools-secret-secret-wars-doop,Doop,ssw2,villain,(unmarked),unmarked,,,
ssw2-villain-guardians-of-knowhere-drax-the-destroyer,Drax the Destroyer,ssw2,villain,(unmarked),unmarked,,,
ssw2-villain-guardians-of-knowhere-gamora,Gamora,ssw2,villain,gainWoundEachPlayer,executable,WP-185,,packages/game-engine/src/villain/villainEffects.execute.ts#gain-wound
ssw2-villain-monster-metropolis-ghost-deadpool,Ghost Deadpool,ssw2,villain,(unmarked),unmarked,,,
ssw2-villain-guardians-of-knowhere-groot,Groot,ssw2,villain,(unmarked),unmarked,,,
ssw2-villain-deadpools-secret-secret-wars-howard-the-duck,Howard the Duck,ssw2,villain,captureBystander,executable,WP-185,D-18506,packages/game-engine/src/villain/villainEffects.execute.ts#capture-bystander
henchman-khonshu-guardians,Khonshu Guardians,ssw2,henchman,koHeroCurrentPlayer,executable,WP-185,,packages/game-engine/src/villain/villainEffects.execute.ts#ko-hero
ssw2-villain-kun-lun-laughing-skull,Laughing Skull,ssw2,villain,(unmarked),unmarked,,,
henchman-magma-men,Magma Men,ssw2,henchman,koHeroCurrentPlayer,executable,WP-185,,packages/game-engine/src/villain/villainEffects.execute.ts#ko-hero
ssw2-villain-monster-metropolis-man-thing,Man-Thing,ssw2,villain,(unmarked),unmarked,,,
ssw2-villain-monster-metropolis-marcus-symbiote-centaur,Marcus Symbiote Centaur,ssw2,villain,(unmarked),unmarked,,,
ssw2-villain-utopolis-nighthawk,Nighthawk,ssw2,villain,(unmarked),unmarked,,,
ssw2-villain-deadpools-secret-secret-wars-pink-sphinx,Pink Sphinx,ssw2,villain,(unmarked),unmarked,,,
ssw2-villain-kun-lun-rand-kai,Rand K'ai,ssw2,villain,(unmarked),unmarked,,,
ssw2-villain-kun-lun-razor-fist,Razor Fist,ssw2,villain,(unmarked),unmarked,,,
ssw2-villain-kun-lun-red-sai,Red Sai,ssw2,villain,(unmarked),unmarked,,,
ssw2-villain-guardians-of-knowhere-rocket-raccoon,Rocket Raccoon,ssw2,villain,(unmarked),unmarked,,,
henchman-spider-infected,Spider-Infected,ssw2,henchman,captureBystander,unsupported,WP-185,D-18506,
ssw2-villain-utopolis-warrior-woman,Warrior Woman,ssw2,villain,(unmarked),unmarked,,,
ssw2-villain-utopolis-whizzer,Whizzer,ssw2,villain,gainWoundEachPlayer,executable,WP-185,,packages/game-engine/src/villain/villainEffects.execute.ts#gain-wound
vill-villain-x-men-first-class-angel,Angel,vill,villain,(unmarked),unmarked,,,
vill-villain-avengers-ant-man,Ant-Man,vill,villain,(unmarked),unmarked,,,
henchman-asgardian-warriors,Asgardian Warriors,vill,henchman,(unmarked),unmarked,,,
vill-villain-x-men-first-class-beast,Beast,vill,villain,(unmarked),unmarked,,,
vill-villain-spider-friends-black-cat,Black Cat,vill,villain,(unmarked),unmarked,,,
vill-villain-marvel-knights-black-panther,Black Panther,vill,villain,(unmarked),unmarked,,,
vill-villain-avengers-captain-america,Captain America,vill,villain,(unmarked),unmarked,,,
vill-villain-uncanny-x-men-colossus,Colossus,vill,villain,(unmarked),unmarked,,,
henchman-cops,Cops,vill,henchman,(unmarked),unmarked,,,
vill-villain-x-men-first-class-cyclops,Cyclops,vill,villain,(unmarked),unmarked,,,
vill-villain-defenders-daredevil,Daredevil,vill,villain,(unmarked),unmarked,,,
vill-villain-marvel-knights-elektra,Elektra,vill,villain,(unmarked),unmarked,,,
vill-villain-spider-friends-firestar,Firestar,vill,villain,(unmarked),unmarked,,,
vill-villain-marvel-knights-ghost-rider,Ghost Rider,vill,villain,(unmarked),unmarked,,,
vill-villain-uncanny-avengers-havok,Havok,vill,villain,(unmarked),unmarked,,,
vill-villain-avengers-hulk,Hulk,vill,villain,(unmarked),unmarked,,,
vill-villain-x-men-first-class-iceman,Iceman,vill,villain,(unmarked),unmarked,,,
vill-villain-defenders-iron-fist,Iron Fist,vill,villain,(unmarked),unmarked,,,
vill-villain-avengers-iron-man,Iron Man,vill,villain,(unmarked),unmarked,,,
vill-villain-x-men-first-class-jean-grey,Jean Grey,vill,villain,(unmarked),unmarked,,,
vill-villain-defenders-luke-cage,Luke Cage,vill,villain,(unmarked),unmarked,,,
vill-villain-spider-friends-moon-knight,Moon Knight,vill,villain,(unmarked),unmarked,,,
henchman-multiple-man,Multiple Man,vill,henchman,(unmarked),unmarked,,,
vill-villain-defenders-namor-the-sub-mariner,"Namor, The Sub-Mariner",vill,villain,(unmarked),unmarked,,,
vill-villain-uncanny-x-men-nightcrawler,Nightcrawler,vill,villain,(unmarked),unmarked,,,
vill-villain-marvel-knights-punisher,Punisher,vill,villain,(unmarked),unmarked,,,
vill-villain-uncanny-avengers-rogue,Rogue,vill,villain,(unmarked),unmarked,,,
henchman-shield-assault-squad,S.H.I.E.L.D. Assault Squad,vill,henchman,(unmarked),unmarked,,,
vill-villain-uncanny-avengers-scarlet-witch,Scarlet Witch,vill,villain,(unmarked),unmarked,,,
vill-villain-uncanny-x-men-shadowcat,Shadowcat,vill,villain,(unmarked),unmarked,,,
vill-villain-spider-friends-spider-man,Spider-Man,vill,villain,(unmarked),unmarked,,,
vill-villain-uncanny-x-men-storm,Storm,vill,villain,(unmarked),unmarked,,,
vill-villain-avengers-thor,Thor,vill,villain,(unmarked),unmarked,,,
vill-villain-avengers-wasp,Wasp,vill,villain,(unmarked),unmarked,,,
vill-villain-uncanny-avengers-wolverine,Wolverine,vill,villain,(unmarked),unmarked,,,
vnom-villain-life-foundation-agony,Agony,vnom,villain,(unmarked),unmarked,,,
vnom-villain-life-foundation-dr-carlton-drake,Dr. Carlton Drake,vnom,villain,(unmarked),unmarked,,,
vnom-villain-life-foundation-lasher,Lasher,vnom,villain,(unmarked),unmarked,,,
vnom-villain-life-foundation-phage,Phage,vnom,villain,(unmarked),unmarked,,,
vnom-villain-poisons-poison-captain-america,Poison Captain America,vnom,villain,(unmarked),unmarked,,,
vnom-villain-poisons-poison-dr-octopus,Poison Dr. Octopus,vnom,villain,(unmarked),unmarked,,,
vnom-villain-poisons-poison-hulk,Poison Hulk,vnom,villain,(unmarked),unmarked,,,
vnom-villain-poisons-poison-sabretooth,Poison Sabretooth,vnom,villain,(unmarked),unmarked,,,
vnom-villain-poisons-poison-scarlet-witch,Poison Scarlet Witch,vnom,villain,(unmarked),unmarked,,,
vnom-villain-poisons-poison-spider-man,Poison Spider-Man,vnom,villain,(unmarked),unmarked,,,
vnom-villain-poisons-poison-storm,Poison Storm,vnom,villain,(unmarked),unmarked,,,
vnom-villain-life-foundation-riot,Riot,vnom,villain,koHeroCurrentPlayer,executable,WP-185,,packages/game-engine/src/villain/villainEffects.execute.ts#ko-hero
vnom-villain-life-foundation-scream,Scream,vnom,villain,(unmarked),unmarked,,,
vnom-villain-poisons-symbiotic-armor,Symbiotic Armor,vnom,villain,(unmarked),unmarked,,,
wpnx-villain-berserkers-cyber,Cyber,wpnx,villain,(unmarked),unmarked,,,
wpnx-villain-weapon-plus-daken,Daken,wpnx,villain,koHeroCurrentPlayer,executable,WP-185,,packages/game-engine/src/villain/villainEffects.execute.ts#ko-hero
wpnx-villain-berserkers-feral,Feral,wpnx,villain,(unmarked),unmarked,,,
wpnx-villain-weapon-plus-huntsman-weapon-xii,Huntsman (Weapon XII),wpnx,villain,(unmarked),unmarked,,,
wpnx-villain-weapon-plus-nuke-weapon-vii,Nuke (Weapon VII),wpnx,villain,gainWoundEachPlayer,executable,WP-185,,packages/game-engine/src/villain/villainEffects.execute.ts#gain-wound
wpnx-villain-weapon-plus-skinless-man-weapon-iii,Skinless Man (Weapon III),wpnx,villain,(unmarked),unmarked,,,
wpnx-villain-berserkers-thornn,Thornn,wpnx,villain,(unmarked),unmarked,,,
wpnx-villain-weapon-plus-typhoid-mary-weapon-ix,Typhoid Mary (Weapon IX),wpnx,villain,(unmarked),unmarked,,,
wpnx-villain-weapon-plus-ultimaton-weapon-xv,Ultimaton (Weapon XV),wpnx,villain,(unmarked),unmarked,,,
wpnx-villain-berserkers-wild-child,Wild Child,wpnx,villain,(unmarked),unmarked,,,
wtif-villain-rival-overlords-arnim-zola-hydra-scientist,"Arnim Zola, HYDRA Scientist",wtif,villain,(unmarked),unmarked,,,
wtif-villain-intergalactic-party-animals-captain-marvel-end-of-the-party,"Captain Marvel, End of the Party",wtif,villain,(unmarked),unmarked,,,
wtif-villain-black-order-guards-corvus-glaive,Corvus Glaive,wtif,villain,(unmarked),unmarked,,,
wtif-villain-black-order-guards-cull-obsidian,Cull Obsidian,wtif,villain,(unmarked),unmarked,,,
wtif-villain-stranges-demons-demon-champion-of-hydra,Demon Champion of Hydra,wtif,villain,(unmarked),unmarked,,,
wtif-villain-stranges-demons-demon-dragon,Demon Dragon,wtif,villain,(unmarked),unmarked,,,
wtif-villain-stranges-demons-demonbound-doctor-strange,Demonbound Doctor Strange,wtif,villain,(unmarked),unmarked,,,
wtif-villain-rival-overlords-dormammu,Dormammu,wtif,villain,(unmarked),unmarked,,,
wtif-villain-black-order-guards-ebony-maw,Ebony Maw,wtif,villain,(unmarked),unmarked,,,
wtif-villain-rival-overlords-ego,Ego,wtif,villain,(unmarked),unmarked,,,
wtif-villain-intergalactic-party-animals-frigga-mother-of-thor,"Frigga, Mother of Thor",wtif,villain,(unmarked),unmarked,,,
henchman-giants-of-jotunheim,Giants of Jotunheim,wtif,henchman,(unmarked),unmarked,,,
wtif-villain-rival-overlords-loki,Loki,wtif,villain,(unmarked),unmarked,,,
wtif-villain-stranges-demons-moose-demon,Moose Demon,wtif,villain,(unmarked),unmarked,,,
wtif-villain-intergalactic-party-animals-party-korath,Party Korath,wtif,villain,(unmarked),unmarked,,,
wtif-villain-intergalactic-party-animals-party-korg,Party Korg,wtif,villain,koHeroCurrentPlayer,executable,WP-185,,packages/game-engine/src/villain/villainEffects.execute.ts#ko-hero
wtif-villain-intergalactic-party-animals-party-kraglin,Party Kraglin,wtif,villain,(unmarked),unmarked,,,
wtif-villain-intergalactic-party-animals-party-nebula,Party Nebula,wtif,villain,(unmarked),unmarked,,,
wtif-villain-intergalactic-party-animals-party-skrull,Party Skrull,wtif,villain,(unmarked),unmarked,,,
wtif-villain-intergalactic-party-animals-party-surtur,Party Surtur,wtif,villain,(unmarked),unmarked,,,
wtif-villain-black-order-guards-proxima-midnight,Proxima Midnight,wtif,villain,koHeroCurrentPlayer,executable,WP-185,,packages/game-engine/src/villain/villainEffects.execute.ts#ko-hero
wtif-villain-rival-overlords-red-skull-hydra-occultist,"Red Skull, HYDRA Occultist",wtif,villain,(unmarked),unmarked,,,
wtif-villain-stranges-demons-skull-demon,Skull Demon,wtif,villain,(unmarked),unmarked,,,
wtif-villain-rival-overlords-thanos,Thanos,wtif,villain,(unmarked),unmarked,,,
wtif-villain-stranges-demons-two-headed-ram-demon,Two-Headed Ram Demon,wtif,villain,(unmarked),unmarked,,,
wtif-villain-rival-overlords-ulysses-klaue,Ulysses Klaue,wtif,villain,koHeroCurrentPlayer,executable,WP-185,,packages/game-engine/src/villain/villainEffects.execute.ts#ko-hero
henchman-vibranium-liberator-drones,Vibranium Liberator Drones,wtif,henchman,(unmarked),unmarked,,,
wtif-villain-stranges-demons-wolf-demon,Wolf Demon,wtif,villain,(unmarked),unmarked,,,
wtif-villain-rival-overlords-yondu,Yondu,wtif,villain,captureBystander,executable,WP-185,D-18506,packages/game-engine/src/villain/villainEffects.execute.ts#capture-bystander
wtif-villain-rival-overlords-yondu,Yondu,wtif,villain,koHeroEachPlayer,executable,WP-189,D-18901,packages/game-engine/src/villain/villainEffects.execute.ts#ko-hero
wtif-villain-zombie-avengers-zombie-captain-america,Zombie Captain America,wtif,villain,(unmarked),unmarked,,,
wtif-villain-zombie-avengers-zombie-doctor-strange,Zombie Doctor Strange,wtif,villain,(unmarked),unmarked,,,
wtif-villain-zombie-avengers-zombie-hawkeye,Zombie Hawkeye,wtif,villain,(unmarked),unmarked,,,
wtif-villain-zombie-avengers-zombie-iron-man,Zombie Iron Man,wtif,villain,(unmarked),unmarked,,,
wtif-villain-zombie-avengers-zombie-wasp,Zombie Wasp,wtif,villain,koHeroCurrentPlayer,executable,WP-185,,packages/game-engine/src/villain/villainEffects.execute.ts#ko-hero
wtif-villain-zombie-avengers-zombie-wong,Zombie Wong,wtif,villain,(unmarked),unmarked,,,
wwhk-villain-intelligencia-battle-of-wits,Battle of Wits,wwhk,villain,(unmarked),unmarked,,,
wwhk-villain-aspects-of-the-void-black-anti-hurricane,Black Anti-Hurricane,wwhk,villain,(unmarked),unmarked,,,
wwhk-villain-illuminati-black-bolt,Black Bolt,wwhk,villain,(unmarked),unmarked,,,
wwhk-villain-code-red-caught-red-handed,Caught Red-Handed,wwhk,villain,(unmarked),unmarked,,,
wwhk-villain-intelligencia-cosmic-hulk-robot,Cosmic Hulk Robot,wwhk,villain,(unmarked),unmarked,,,
wwhk-villain-code-red-crimson-dynamo,Crimson Dynamo,wwhk,villain,(unmarked),unmarked,,,
henchman-cytoplasm-spikes,Cytoplasm Spikes,wwhk,henchman,(unmarked),unmarked,,,
henchman-deaths-heads,Death's Heads,wwhk,henchman,(unmarked),unmarked,,,
wwhk-villain-aspects-of-the-void-demonform,Demonform,wwhk,villain,(unmarked),unmarked,,,
wwhk-villain-intelligencia-doc-samson,Doc Samson,wwhk,villain,koHeroCurrentPlayer,executable,WP-185,,packages/game-engine/src/villain/villainEffects.execute.ts#ko-hero
wwhk-villain-illuminati-dr-strange,Dr. Strange,wwhk,villain,(unmarked),unmarked,,,
wwhk-villain-illuminati-dr-strange-possessed-by-zom,"Dr. Strange, Possessed by Zom",wwhk,villain,(unmarked),unmarked,,,
wwhk-villain-code-red-elektra-red-blades,"Elektra, Red Blades",wwhk,villain,(unmarked),unmarked,,,
wwhk-villain-warbound-elloe-kaifi,Elloe Kaifi,wwhk,villain,(unmarked),unmarked,,,
wwhk-villain-illuminati-enchain-the-hulk,Enchain the Hulk,wwhk,villain,(unmarked),unmarked,,,
wwhk-villain-sakaar-imperial-guard-gladiators-colosseum,Gladiators' Colosseum,wwhk,villain,(unmarked),unmarked,,,
wwhk-villain-sakaar-imperial-guard-great-devil-corker,Great Devil Corker,wwhk,villain,(unmarked),unmarked,,,
wwhk-villain-sakaar-imperial-guard-headman-charr,Headman Charr,wwhk,villain,gainWoundEachPlayer,executable,WP-185,,packages/game-engine/src/villain/villainEffects.execute.ts#gain-wound
wwhk-villain-warbound-hiroim,Hiroim,wwhk,villain,(unmarked),unmarked,,,
wwhk-villain-illuminati-hulkbuster-iron-man,Hulkbuster Iron Man,wwhk,villain,(unmarked),unmarked,,,
wwhk-villain-aspects-of-the-void-infini-tendrils,Infini-Tendrils,wwhk,villain,captureBystander,executable,WP-185,D-18506,packages/game-engine/src/villain/villainEffects.execute.ts#capture-bystander
wwhk-villain-u-foes-ironclad,Ironclad,wwhk,villain,(unmarked),unmarked,,,
wwhk-villain-warbound-korg,Korg,wwhk,villain,(unmarked),unmarked,,,
wwhk-villain-sakaar-imperial-guard-lieutenant-caiera,Lieutenant Caiera,wwhk,villain,(unmarked),unmarked,,,
wwhk-villain-warbound-miek-the-unhived,Miek The Unhived,wwhk,villain,(unmarked),unmarked,,,
wwhk-villain-warbound-no-name-brood-queen,"No-Name, Brood Queen",wwhk,villain,(unmarked),unmarked,,,
wwhk-villain-sakaar-imperial-guard-primus-vand,Primus Vand,wwhk,villain,koHeroCurrentPlayer,executable,WP-185,,packages/game-engine/src/villain/villainEffects.execute.ts#ko-hero
wwhk-villain-aspects-of-the-void-psychotic-break,Psychotic Break,wwhk,villain,(unmarked),unmarked,,,
wwhk-villain-code-red-punisher-red-dot-sniper,"Punisher, Red Dot Sniper",wwhk,villain,(unmarked),unmarked,,,
wwhk-villain-code-red-red-she-hulk,Red She-Hulk,wwhk,villain,(unmarked),unmarked,,,
henchman-sakaaran-hivelings,Sakaaran Hivelings,wwhk,henchman,(unmarked),unmarked,,,
wwhk-villain-aspects-of-the-void-shadow-man,Shadow Man,wwhk,villain,(unmarked),unmarked,,,
wwhk-villain-intelligencia-the-leader-gamma-fiend,"The Leader, Gamma Fiend",wwhk,villain,(unmarked),unmarked,,,
wwhk-villain-code-red-thundra,Thundra,wwhk,villain,(unmarked),unmarked,,,
wwhk-villain-u-foes-unidentified-flying-u-foes,Unidentified Flying U-Foes,wwhk,villain,(unmarked),unmarked,,,
wwhk-villain-u-foes-vapor,Vapor,wwhk,villain,(unmarked),unmarked,,,
wwhk-villain-u-foes-vector,Vector,wwhk,villain,(unmarked),unmarked,,,
wwhk-villain-warbound-warbound-rescue,Warbound Rescue,wwhk,villain,(unmarked),unmarked,,,
wwhk-villain-u-foes-x-ray,X-Ray,wwhk,villain,(unmarked),unmarked,,,
xmen-villain-murderworld-animatronic-killer-clowns,Animatronic Killer Clowns,xmen,villain,(unmarked),unmarked,,,
xmen-villain-shadow-x-betrayal-of-the-shadow,Betrayal of the Shadow,xmen,villain,(unmarked),unmarked,,,
xmen-villain-shiar-imperial-guard-blackthorn,Blackthorn,xmen,villain,gainWoundEachPlayer,executable,WP-185,,packages/game-engine/src/villain/villainEffects.execute.ts#gain-wound
henchman-brood-the,"Brood, The",xmen,henchman,(unmarked),unmarked,,,
xmen-villain-hellfire-club-corrupt-the-phoenix-force,Corrupt the Phoenix Force,xmen,villain,(unmarked),unmarked,,,
xmen-villain-shadow-x-dark-angel,Dark Angel,xmen,villain,(unmarked),unmarked,,,
xmen-villain-shadow-x-dark-beast,Dark Beast,xmen,villain,(unmarked),unmarked,,,
xmen-villain-shadow-x-dark-cyclops,Dark Cyclops,xmen,villain,(unmarked),unmarked,,,
xmen-villain-shadow-x-dark-iceman,Dark Iceman,xmen,villain,(unmarked),unmarked,,,
xmen-villain-shadow-x-dark-marvel-girl,Dark Marvel Girl,xmen,villain,(unmarked),unmarked,,,
xmen-villain-hellfire-club-emma-frost-white-queen,Emma Frost (White Queen),xmen,villain,(unmarked),unmarked,,,
xmen-villain-dark-descendants-fatale,Fatale,xmen,villain,koHeroCurrentPlayer,executable,WP-185,,packages/game-engine/src/villain/villainEffects.execute.ts#ko-hero
xmen-villain-shiar-imperial-guard-gladiator,Gladiator,xmen,villain,(unmarked),unmarked,,,
xmen-villain-murderworld-guillotine-rollercoaster,Guillotine Rollercoaster,xmen,villain,(unmarked),unmarked,,,
xmen-villain-hellfire-club-harry-leland-black-bishop,Harry Leland (Black Bishop),xmen,villain,(unmarked),unmarked,,,
xmen-villain-dark-descendants-havok-brainwashed,"Havok, Brainwashed",xmen,villain,(unmarked),unmarked,,,
henchman-hellfire-cult,Hellfire Cult,xmen,henchman,(unmarked),unmarked,,,
xmen-villain-sisterhood-of-mutants-lady-deathstrike,Lady Deathstrike,xmen,villain,koHeroCurrentPlayer,executable,WP-185,,packages/game-engine/src/villain/villainEffects.execute.ts#ko-hero
xmen-villain-sisterhood-of-mutants-lady-mastermind,Lady Mastermind,xmen,villain,(unmarked),unmarked,,,
xmen-villain-mojoverse-major-domo,Major Domo,xmen,villain,(unmarked),unmarked,,,
xmen-villain-hellfire-club-mastermind-jason-wyngarde,Mastermind (Jason Wyngarde),xmen,villain,(unmarked),unmarked,,,
xmen-villain-mojoverse-mindwarping-tv-broadcast,Mindwarping TV Broadcast,xmen,villain,(unmarked),unmarked,,,
xmen-villain-mojoverse-minor-domo,Minor Domo,xmen,villain,(unmarked),unmarked,,,
xmen-villain-murderworld-miss-locke,Miss Locke,xmen,villain,(unmarked),unmarked,,,
xmen-villain-murderworld-monstrous-pinball-machine,Monstrous Pinball Machine,xmen,villain,(unmarked),unmarked,,,
xmen-villain-dark-descendants-nemesis,Nemesis,xmen,villain,(unmarked),unmarked,,,
xmen-villain-shiar-imperial-guard-oracle,Oracle,xmen,villain,(unmarked),unmarked,,,
xmen-villain-dark-descendants-psychic-subjugation,Psychic Subjugation,xmen,villain,(unmarked),unmarked,,,
xmen-villain-dark-descendants-random,Random,xmen,villain,(unmarked),unmarked,,,
xmen-villain-sisterhood-of-mutants-resurrect-madelyne-pryor,Resurrect Madelyne Pryor,xmen,villain,(unmarked),unmarked,,,
henchman-sapien-league,Sapien League,xmen,henchman,(unmarked),unmarked,,,
xmen-villain-hellfire-club-sebastian-shaw-black-king,Sebastian Shaw (Black King),xmen,villain,gainWoundEachPlayer,executable,WP-185,,packages/game-engine/src/villain/villainEffects.execute.ts#gain-wound
xmen-villain-sisterhood-of-mutants-selene,Selene,xmen,villain,(unmarked),unmarked,,,
henchman-shiar-death-commandos,Shi'ar Death Commandos,xmen,henchman,koHeroCurrentPlayer,executable,WP-185,,packages/game-engine/src/villain/villainEffects.execute.ts#ko-hero
henchman-shiar-patrol-craft,Shi'ar Patrol Craft,xmen,henchman,(unmarked),unmarked,,,
xmen-villain-shiar-imperial-guard-shiar-trial-by-combat,Shi'ar Trial by Combat,xmen,villain,(unmarked),unmarked,,,
xmen-villain-shiar-imperial-guard-smasher,Smasher,xmen,villain,(unmarked),unmarked,,,
xmen-villain-mojoverse-spiral,Spiral,xmen,villain,(unmarked),unmarked,,,
xmen-villain-murderworld-sulfuric-acid-water-slide,Sulfuric Acid Water Slide,xmen,villain,(unmarked),unmarked,,,
xmen-villain-sisterhood-of-mutants-typhoid-mary,Typhoid Mary,xmen,villain,(unmarked),unmarked,,,
xmen-villain-mojoverse-warwolves,Warwolves,xmen,villain,koHeroCurrentPlayer,executable,WP-185,,packages/game-engine/src/villain/villainEffects.execute.ts#ko-hero
